Date,Open,High,Low,Close,Volume
2022-01-03,115.13600158691406,115.36000061035156,114.9739990234375,115.14199829101562,0
2022-01-04,115.31600189208984,116.33999633789062,115.29900360107422,115.3280029296875,0
2022-01-05,116.16500091552734,116.23500061035156,115.62699890136719,116.17400360107422,0
2022-01-06,116.12899780273438,116.17900085449219,115.65399932861328,116.12799835205078,0
2022-01-07,115.87000274658203,116.02999877929688,115.59100341796875,115.86499786376953,0
2022-01-10,115.62200164794922,115.84200286865234,115.04499816894531,115.61799621582031,0
2022-01-11,115.28299713134766,115.6760025024414,115.13700103759766,115.27799987792969,0
2022-01-12,115.33100128173828,115.45899963378906,114.71499633789062,115.33100128173828,0
2022-01-13,114.66999816894531,114.69200134277344,114.00599670410156,114.67500305175781,0
2022-01-14,114.10099792480469,114.1709976196289,113.50499725341797,114.11799621582031,0
2022-01-17,114.30599975585938,114.63600158691406,114.28399658203125,114.30599975585938,0
2022-01-18,114.57099914550781,115.03099822998047,114.44999694824219,114.57099914550781,0
2022-01-19,114.55599975585938,114.76799774169922,114.22100067138672,114.55400085449219,0
2022-01-20,114.34700012207031,114.53099822998047,113.97799682617188,114.34700012207031,0
2022-01-21,113.94599914550781,114.01799774169922,113.61900329589844,113.99299621582031,0
2022-01-24,113.78600311279297,113.98999786376953,113.48899841308594,113.78500366210938,0
2022-01-25,114.01499938964844,114.14399719238281,113.67500305175781,114.01100158691406,0
2022-01-26,113.89099884033203,114.37699890136719,113.78800201416016,113.875,0
2022-01-27,114.71700286865234,115.48100280761719,114.48600006103516,114.72100067138672,0
2022-01-28,115.36799621582031,115.66999816894531,115.13700103759766,115.35199737548828,0
2022-01-31,115.23899841308594,115.5770034790039,115.1760025024414,115.26200103759766,0
2022-02-01,115.14399719238281,115.19200134277344,114.56800079345703,115.12100219726562,0
2022-02-02,114.7249984741211,114.7959976196289,114.19300079345703,114.73600006103516,0
2022-02-03,114.36799621582031,114.96900177001953,114.32599639892578,114.38200378417969,0
2022-02-04,114.96900177001953,115.4260025024414,114.78099822998047,114.95700073242188,0
2022-02-07,115.24600219726562,115.37300109863281,114.91899871826172,115.2239990234375,0
2022-02-08,115.06600189208984,115.61799621582031,115.06600189208984,115.06300354003906,0
2022-02-09,115.54199981689453,115.58300018310547,115.31900024414062,115.53099822998047,0
2022-02-10,115.5999984741211,116.3239974975586,115.48500061035156,115.60199737548828,0
2022-02-11,116.04900360107422,116.16600036621094,115.7760009765625,116.0469970703125,0
2022-02-14,115.55899810791016,115.7239990234375,115.0199966430664,115.58399963378906,0
2022-02-15,115.54199981689453,115.86900329589844,115.25599670410156,115.53600311279297,0
2022-02-16,115.63999938964844,115.77400207519531,115.39099884033203,115.63500213623047,0
2022-02-17,115.39399719238281,115.52799987792969,114.86100006103516,115.38700103759766,0
2022-02-18,114.85600280761719,115.26399993896484,114.78700256347656,114.86599731445312,0
2022-02-21,114.95600128173828,115.10600280761719,114.79900360107422,114.96099853515625,0
2022-02-22,114.58300018310547,115.23200225830078,114.5260009765625,114.60900115966797,0
2022-02-23,115.10199737548828,115.18499755859375,114.96700286865234,115.09600067138672,0
2022-02-24,114.91600036621094,115.6259994506836,114.41400146484375,114.89800262451172,0
2022-02-25,115.5469970703125,115.63099670410156,115.1520004272461,115.57099914550781,0
2022-02-28,115.58799743652344,115.64700317382812,115.09300231933594,115.58499908447266,0
2022-03-01,115.08200073242188,115.26499938964844,114.71900177001953,115.0780029296875,0
2022-03-02,114.81500244140625,115.68000030517578,114.79499816894531,114.83300018310547,0
2022-03-03,115.49700164794922,115.80000305175781,115.49500274658203,115.51899719238281,0
2022-03-04,115.4800033569336,115.53299713134766,114.6510009765625,115.4739990234375,0
2022-03-07,114.93699645996094,115.47100067138672,114.84200286865234,114.94999694824219,0
2022-03-08,115.36900329589844,115.7760009765625,115.33200073242188,115.37300109863281,0
2022-03-09,115.74199676513672,115.94100189208984,115.5790023803711,115.72200012207031,0
2022-03-10,115.91100311279297,116.19000244140625,115.81999969482422,115.90899658203125,0
2022-03-11,116.15899658203125,117.16400146484375,116.1500015258789,116.17900085449219,0
2022-03-14,117.50399780273438,118.05899810791016,117.46700286865234,117.52899932861328,0
2022-03-15,118.21800231933594,118.43399810791016,117.74500274658203,118.21800231933594,0
2022-03-16,118.31199645996094,118.5009994506836,118.1719970703125,118.29199981689453,0
2022-03-17,118.89099884033203,118.99800109863281,118.4219970703125,118.87000274658203,0
2022-03-18,118.48500061035156,119.38899993896484,118.48500061035156,118.48600006103516,0
2022-03-21,119.26100158691406,119.29299926757812,119.0999984741211,119.26300048828125,0
2022-03-22,119.59400177001953,120.97599792480469,119.59400177001953,119.59400177001953,0
2022-03-23,121.26499938964844,121.29900360107422,120.62799835205078,121.33999633789062,0
2022-03-24,121.13800048828125,122.10299682617188,120.9800033569336,121.12699890136719,0
2022-03-25,122.3499984741211,122.3499984741211,121.21700286865234,122.34600067138672,0
2022-03-28,122.2699966430664,125.05500030517578,122.15899658203125,122.2699966430664,0
2022-03-29,123.66000366210938,124.20899963378906,122.05799865722656,123.66000366210938,0
2022-03-30,123.125,123.02300262451172,121.31600189208984,123.125,0
2022-03-31,122.02100372314453,122.41600036621094,121.29100036621094,122.02100372314453,0
2022-04-01,121.75599670410156,122.99700164794922,121.74299621582031,121.75599670410156,0
2022-04-04,122.61000061035156,122.9280014038086,122.28800201416016,122.61000061035156,0
2022-04-05,122.80899810791016,123.4990005493164,122.41999816894531,122.80899810791016,0
2022-04-06,123.65599822998047,124.04399871826172,123.58799743652344,123.65599822998047,0
2022-04-07,123.7229995727539,123.99500274658203,123.50800323486328,123.7229995727539,0
2022-04-08,124.09600067138672,124.6500015258789,123.68299865722656,124.09600067138672,0
2022-04-11,124.38500213623047,125.76100158691406,124.302001953125,124.38500213623047,0
2022-04-12,125.47200012207031,125.74299621582031,124.87300109863281,125.47200012207031,0
2022-04-13,125.41600036621094,126.2969970703125,125.37100219726562,125.41600036621094,0
2022-04-14,125.37699890136719,125.98799896240234,125.13099670410156,125.37699890136719,0
2022-04-15,126.17900085449219,126.6709976196289,126.06900024414062,126.17900085449219,0
2022-04-18,126.61799621582031,126.79000091552734,126.26300048828125,126.61799621582031,0
2022-04-19,127.0979995727539,128.86099243164062,127.03900146484375,127.0979995727539,0
2022-04-20,129.33299255371094,129.37399291992188,127.51100158691406,129.33299255371094,0
2022-04-21,128.01300048828125,128.6959991455078,127.8270034790039,128.01300048828125,0
2022-04-22,128.4080047607422,129.0590057373047,127.80699920654297,128.4080047607422,0
2022-04-25,128.60499572753906,128.82200622558594,127.5250015258789,128.60499572753906,0
2022-04-26,127.74400329589844,128.18800354003906,127.04399871826172,127.74400329589844,0
2022-04-27,127.26599884033203,128.5780029296875,127.25900268554688,127.26599884033203,0
2022-04-28,128.3939971923828,131.2209930419922,128.3679962158203,128.3939971923828,0
2022-04-29,130.81100463867188,130.80999755859375,129.4600067138672,130.81100463867188,0
2022-05-02,130.01100158691406,130.4709930419922,129.61599731445312,130.01100158691406,0
2022-05-03,130.11199951171875,130.27999877929688,129.718994140625,130.11199951171875,0
2022-05-04,130.11599731445312,130.197998046875,129.80299377441406,130.11599731445312,0
2022-05-05,129.22300720214844,130.4320068359375,128.77499389648438,129.22300720214844,0
2022-05-06,130.3300018310547,130.80499267578125,130.2209930419922,130.3300018310547,0
2022-05-09,130.74899291992188,131.3249969482422,130.14999389648438,130.74899291992188,0
2022-05-10,130.3769989013672,130.5279998779297,129.81500244140625,130.3769989013672,0
2022-05-11,130.3509979248047,130.7830047607422,129.61199951171875,130.3509979248047,0
2022-05-12,129.8350067138672,129.8979949951172,127.58499908447266,129.8350067138672,0
2022-05-13,128.58799743652344,129.43699645996094,128.36599731445312,128.58799743652344,0
2022-05-16,129.4320068359375,129.60400390625,128.70599365234375,129.4320068359375,0
2022-05-17,128.92300415039062,129.75,128.83999633789062,128.92300415039062,0
2022-05-18,129.45399475097656,129.43299865722656,128.1199951171875,129.45399475097656,0
2022-05-19,127.91400146484375,128.93800354003906,127.02899932861328,127.91400146484375,0
2022-05-20,127.83200073242188,128.28399658203125,127.53700256347656,127.83200073242188,0
2022-05-23,127.90299987792969,127.93299865722656,127.16699981689453,127.90299987792969,0
2022-05-24,127.84600067138672,128.0500030517578,126.39199829101562,127.84600067138672,0
2022-05-25,126.76899719238281,127.41500091552734,126.67500305175781,126.76899719238281,0
2022-05-26,127.1520004272461,127.55999755859375,126.56900024414062,127.1520004272461,0
2022-05-27,127.04499816894531,127.21099853515625,126.677001953125,127.04499816894531,0
2022-05-30,127.28500366210938,127.80599975585938,126.87000274658203,127.28500366210938,0
2022-05-31,127.78399658203125,128.8780059814453,127.65299987792969,127.78399658203125,0
2022-06-01,128.73599243164062,130.11599731445312,128.8000030517578,128.73599243164062,0
2022-06-02,130.1219940185547,130.18099975585938,129.52699279785156,130.1219940185547,0
2022-06-03,129.91799926757812,130.9709930419922,129.69500732421875,129.91799926757812,0
2022-06-06,130.70700073242188,131.67599487304688,130.47300720214844,130.70700073242188,0
2022-06-07,132.17599487304688,132.98800659179688,132.0970001220703,132.17599487304688,0
2022-06-08,132.8470001220703,134.43600463867188,132.73300170898438,132.8470001220703,0
2022-06-09,134.42999267578125,134.5540008544922,133.1909942626953,134.42999267578125,0
2022-06-10,134.41799926757812,134.38099670410156,133.38699340820312,134.41799926757812,0
2022-06-13,134.81399536132812,135.1580047607422,133.60899353027344,134.81399536132812,0
2022-06-14,134.22500610351562,134.96800231933594,133.89999389648438,134.22500610351562,0
2022-06-15,135.29400634765625,135.28500366210938,134.2969970703125,135.29400634765625,0
2022-06-16,134.11500549316406,134.6719970703125,131.5469970703125,134.11500549316406,0
2022-06-17,132.42100524902344,135.41200256347656,132.18699645996094,132.42100524902344,0
2022-06-20,135.2760009765625,135.41200256347656,134.5489959716797,135.2760009765625,0
2022-06-21,135.08700561523438,136.32899475097656,134.94500732421875,135.08700561523438,0
2022-06-22,136.2689971923828,136.59500122070312,135.75100708007812,136.2689971923828,0
2022-06-23,136.0240020751953,136.18099975585938,134.29400634765625,136.0240020751953,0
2022-06-24,134.83999633789062,135.27200317382812,134.3699951171875,134.83999633789062,0
2022-06-27,135.06199645996094,135.53900146484375,134.53500366210938,135.06199645996094,0
2022-06-28,135.43499755859375,136.30299377441406,135.12399291992188,135.43499755859375,0
2022-06-29,136.0469970703125,136.9969940185547,135.81100463867188,136.0469970703125,0
2022-06-30,136.58900451660156,136.7989959716797,135.68699645996094,136.58900451660156,0
2022-07-01,135.78599548339844,135.9770050048828,134.79600524902344,135.78599548339844,0
2022-07-04,135.04299926757812,135.77099609375,134.79800415039062,135.04299926757812,0
2022-07-05,135.83999633789062,136.34500122070312,135.55499267578125,135.83999633789062,0
2022-07-06,135.52099609375,135.96200561523438,134.97500610351562,135.52099609375,0
2022-07-07,135.96600341796875,136.20399475097656,135.57000732421875,135.96600341796875,0
2022-07-08,135.91299438476562,136.54400634765625,135.35699462890625,135.91299438476562,0
2022-07-11,136.30099487304688,137.7449951171875,136.27000427246094,136.30099487304688,0
2022-07-12,137.38800048828125,137.5019989013672,136.49600219726562,137.38800048828125,0
2022-07-13,136.7259979248047,137.85800170898438,136.7310028076172,136.7259979248047,0
2022-07-14,137.6280059814453,139.3769989013672,137.60499572753906,137.6280059814453,0
2022-07-15,138.9669952392578,139.07400512695312,138.4040069580078,138.9669952392578,0
2022-07-18,138.31399536132812,138.43699645996094,137.89599609375,138.31399536132812,0
2022-07-19,138.22900390625,138.38699340820312,137.38600158691406,138.22900390625,0
2022-07-20,138.1909942626953,138.36500549316406,137.91400146484375,138.1909942626953,0
2022-07-21,138.39500427246094,138.86700439453125,137.7220001220703,138.39500427246094,0
2022-07-22,137.09800720214844,137.93899536132812,135.5959930419922,137.09800720214844,0
2022-07-25,136.31199645996094,136.7830047607422,135.93600463867188,136.31199645996094,0
2022-07-26,136.43099975585938,136.83399963378906,136.29200744628906,136.43099975585938,0
2022-07-27,136.97000122070312,137.34300231933594,136.55099487304688,136.97000122070312,0
2022-07-28,136.11099243164062,136.41099548339844,134.35499572753906,136.11099243164062,0
2022-07-29,134.39700317382812,134.64999389648438,132.552001953125,134.39700317382812,0
2022-08-01,133.40699768066406,133.36500549316406,131.6219940185547,133.40699768066406,0
2022-08-02,131.57200622558594,132.36599731445312,130.42999267578125,131.57200622558594,0
2022-08-03,133.37899780273438,134.52999877929688,132.34100341796875,133.37899780273438,0
2022-08-04,133.96200561523438,134.38800048828125,133.07000732421875,133.96200561523438,0
2022-08-05,132.62100219726562,135.45599365234375,132.58999633789062,132.62100219726562,0
2022-08-08,135.0570068359375,135.51800537109375,134.3820037841797,135.0570068359375,0
2022-08-09,134.83999633789062,135.1699981689453,134.68600463867188,134.83999633789062,0
2022-08-10,135.18699645996094,135.2949981689453,132.06300354003906,135.18699645996094,0
2022-08-11,132.8300018310547,133.30499267578125,131.78599548339844,132.8300018310547,0
2022-08-12,132.99400329589844,133.86900329589844,132.9199981689453,132.99400329589844,0
2022-08-15,133.28799438476562,133.53599548339844,132.58399963378906,133.28799438476562,0
2022-08-16,133.14300537109375,134.6540069580078,132.9739990234375,133.14300537109375,0
2022-08-17,134.27699279785156,135.48899841308594,133.92300415039062,134.27699279785156,0
2022-08-18,134.94400024414062,135.40699768066406,134.6540069580078,134.94400024414062,0
2022-08-19,135.7949981689453,137.1999969482422,135.83399963378906,135.7949981689453,0
2022-08-22,137.04100036621094,137.64700317382812,136.73699951171875,137.04100036621094,0
2022-08-23,137.54600524902344,137.6929931640625,135.8820037841797,137.54600524902344,0
2022-08-24,136.73300170898438,137.22500610351562,136.1929931640625,136.73300170898438,0
2022-08-25,137.08099365234375,137.17999267578125,136.3260040283203,137.08099365234375,0
2022-08-26,136.56300354003906,137.43299865722656,136.36000061035156,136.56300354003906,0
2022-08-29,137.6300048828125,138.9949951171875,138.09800720214844,137.52000427246094,0
2022-08-30,138.5959930419922,139.05599975585938,138.05299377441406,138.5959930419922,0
2022-08-31,138.73399353027344,138.87600708007812,138.2760009765625,138.73399353027344,0
2022-09-01,139.29600524902344,140.21800231933594,139.08599853515625,139.29600524902344,0
2022-09-02,140.08099365234375,140.7949981689453,139.8780059814453,140.08099365234375,0
2022-09-05,140.48699951171875,140.64700317382812,140.12899780273438,140.48699951171875,0
2022-09-06,140.42999267578125,142.96800231933594,140.2519989013672,140.42999267578125,0
2022-09-07,143.1510009765625,144.98199462890625,142.97999572753906,143.1510009765625,0
2022-09-08,144.1280059814453,144.50399780273438,143.33799743652344,144.1280059814453,0
2022-09-09,143.8560028076172,143.94700622558594,141.50599670410156,143.8560028076172,0
2022-09-12,142.5959930419922,143.48599243164062,142.2570037841797,142.5959930419922,0
2022-09-13,142.5850067138672,144.677001953125,141.89599609375,142.5850067138672,0
2022-09-14,144.4040069580078,144.8260040283203,142.5570068359375,144.4040069580078,0
2022-09-15,142.92300415039062,143.79400634765625,142.9499969482422,142.92300415039062,0
2022-09-16,143.36500549316406,143.6719970703125,142.87100219726562,143.36500549316406,0
2022-09-19,142.76499938964844,143.63400268554688,142.6959991455078,142.76499938964844,0
2022-09-20,143.22300720214844,143.9010009765625,142.96200561523438,143.22300720214844,0
2022-09-21,143.6020050048828,144.18699645996094,143.3780059814453,143.6020050048828,0
2022-09-22,144.3159942626953,145.88299560546875,140.39700317382812,144.3159942626953,0
2022-09-23,142.27999877929688,143.31700134277344,141.78199768066406,142.27999877929688,0
2022-09-26,143.51100158691406,144.48599243164062,143.43800354003906,143.51100158691406,0
2022-09-27,144.45899963378906,144.83999633789062,144.08200073242188,144.45899963378906,0
2022-09-28,144.6909942626953,144.8179931640625,144.1479949951172,144.6909942626953,0
2022-09-29,144.3979949951172,144.78500366210938,144.2100067138672,144.3979949951172,0
2022-09-30,144.43099975585938,144.77999877929688,144.21400451660156,144.43099975585938,0
2022-10-03,144.8159942626953,145.2779998779297,144.16099548339844,144.8159942626953,0
2022-10-04,144.5189971923828,144.92100524902344,144.31900024414062,144.5189971923828,0
2022-10-05,143.78700256347656,144.843994140625,143.55599975585938,143.78700256347656,0
2022-10-06,144.44900512695312,145.13299560546875,144.38699340820312,144.44900512695312,0
2022-10-07,145.03900146484375,145.3260040283203,144.75999450683594,145.03900146484375,0
2022-10-10,145.48199462890625,145.8179931640625,145.23599243164062,145.48199462890625,0
2022-10-11,145.6739959716797,145.8459930419922,145.5050048828125,145.6739959716797,0
2022-10-12,145.8699951171875,146.96099853515625,145.87899780273438,145.8699951171875,0
2022-10-13,146.73699951171875,147.6009979248047,146.66299438476562,146.73699951171875,0
2022-10-14,147.29299926757812,148.49200439453125,147.11000061035156,147.29299926757812,0
2022-10-17,148.6320037841797,148.88999938964844,148.43099975585938,148.6320037841797,0
2022-10-18,148.9709930419922,149.28500366210938,148.6929931640625,148.9709930419922,0
2022-10-19,149.20899963378906,149.781005859375,149.12399291992188,149.20899963378906,0
2022-10-20,149.8209991455078,149.98899841308594,149.56700134277344,149.8209991455078,0
2022-10-21,150.17599487304688,151.93699645996094,146.32000732421875,150.17599487304688,0
2022-10-24,147.81900024414062,149.45199584960938,147.8090057373047,147.81900024414062,0
2022-10-25,148.88699340820312,148.99600219726562,147.55499267578125,148.88699340820312,0
2022-10-26,147.97999572753906,148.4029998779297,146.40899658203125,147.97999572753906,0
2022-10-27,146.13400268554688,146.86099243164062,145.156005859375,146.13400268554688,0
2022-10-28,146.2740020751953,147.84800720214844,146.0279998779297,146.2740020751953,0
2022-10-31,147.81199645996094,148.8419952392578,147.75,147.81199645996094,0
2022-11-01,148.73699951171875,148.8070068359375,146.99099731445312,148.73699951171875,0
2022-11-02,147.9149932861328,147.96499633789062,146.8520050048828,147.9149932861328,0
2022-11-03,147.89199829101562,148.4340057373047,147.11000061035156,147.89199829101562,0
2022-11-04,148.39300537109375,148.39300537109375,146.57899475097656,148.39300537109375,0
2022-11-07,146.84100341796875,147.55299377441406,146.11399841308594,146.84100341796875,0
2022-11-08,146.62399291992188,146.927001953125,145.31300354003906,146.62399291992188,0
2022-11-09,145.2949981689453,146.55799865722656,145.218994140625,145.2949981689453,0
2022-11-10,146.20899963378906,146.58200073242188,141.53799438476562,146.20899963378906,0
2022-11-11,141.73399353027344,142.46600341796875,138.88800048828125,141.73399353027344,0
2022-11-14,139.55299377441406,140.7689971923828,138.86900329589844,139.55299377441406,0
2022-11-15,140.11500549316406,140.58099365234375,137.8090057373047,140.11500549316406,0
2022-11-16,138.96499633789062,140.28500366210938,138.8939971923828,138.96499633789062,0
2022-11-17,139.32200622558594,140.71400451660156,138.906005859375,139.32200622558594,0
2022-11-18,140.41200256347656,140.47000122070312,139.64999389648438,140.41200256347656,0
2022-11-21,140.2530059814453,142.01800537109375,140.2030029296875,140.2530059814453,0
2022-11-22,142.09800720214844,142.23899841308594,141.08599853515625,142.09800720214844,0
2022-11-23,141.15499877929688,141.57400512695312,139.58700561523438,141.15499877929688,0
2022-11-24,139.2779998779297,139.48599243164062,138.09500122070312,139.2779998779297,0
2022-11-25,138.60299682617188,139.59100341796875,138.38900756835938,138.60299682617188,0
2022-11-28,139.30999755859375,139.4199981689453,137.51400756835938,139.10000610351562,0
2022-11-29,138.718994140625,139.3209991455078,137.88600158691406,138.718994140625,0
2022-11-30,138.7449951171875,139.88299560546875,138.33799743652344,138.7449951171875,0
2022-12-01,137.35899353027344,137.51600646972656,135.53900146484375,137.35899353027344,0
2022-12-02,135.14999389648438,135.9759979248047,133.67300415039062,135.14999389648438,0
2022-12-05,134.47500610351562,136.58099365234375,134.13400268554688,134.47500610351562,0
2022-12-06,136.65199279785156,137.41299438476562,136.00799560546875,136.65199279785156,0
2022-12-07,136.88600158691406,137.83799743652344,136.41799926757812,136.88600158691406,0
2022-12-08,136.38099670410156,137.2239990234375,136.29600524902344,136.38099670410156,0
2022-12-09,136.61399841308594,136.86599731445312,135.61199951171875,136.61399841308594,0
2022-12-12,136.71200561523438,137.6179962158203,136.63299560546875,136.71200561523438,0
2022-12-13,137.50399780273438,137.94200134277344,134.68800354003906,137.50399780273438,0
2022-12-14,135.58399963378906,135.6820068359375,134.68099975585938,135.58399963378906,0
2022-12-15,135.34800720214844,137.92100524902344,135.2830047607422,135.34800720214844,0
2022-12-16,137.75100708007812,137.75100708007812,136.41000366210938,137.75100708007812,0
2022-12-19,136.02999877929688,137.14999389648438,135.7729949951172,136.69000244140625,0
2022-12-20,136.9949951171875,137.45199584960938,131.01699829101562,136.9949951171875,0
2022-12-21,131.89199829101562,132.4759979248047,131.52200317382812,131.89199829101562,0
2022-12-22,132.3699951171875,132.68099975585938,131.65499877929688,132.3699951171875,0
2022-12-23,132.35699462890625,133.12100219726562,132.29100036621094,132.35699462890625,0
2022-12-26,132.77000427246094,133.23699951171875,132.3300018310547,132.7899932861328,0
2022-12-27,132.76400756835938,133.58700561523438,132.6479949951172,132.76400756835938,0
2022-12-28,133.48599243164062,134.39500427246094,133.41099548339844,133.48599243164062,0
2022-12-29,134.03399658203125,134.18800354003906,132.93600463867188,134.03399658203125,0
2022-12-30,132.91600036621094,132.91700744628906,131.54100036621094,132.91600036621094,0
2023-01-02,130.84500122070312,131.03500366210938,130.62100219726562,130.84500122070312,0
2023-01-03,130.79400634765625,131.1820068359375,129.53399658203125,130.79400634765625,0
2023-01-04,131.2480010986328,132.1699981689453,129.96400451660156,131.2480010986328,0
2023-01-05,132.24600219726562,133.99200439453125,131.72999572753906,132.24600219726562,0
2023-01-06,133.3070068359375,134.74099731445312,132.18699645996094,133.3070068359375,0
2023-01-09,131.86199951171875,132.64500427246094,131.32699584960938,131.86199951171875,0
2023-01-10,131.72900390625,132.46600341796875,131.43299865722656,131.72900390625,0
2023-01-11,132.1009979248047,132.85400390625,132.10299682617188,132.1009979248047,0
2023-01-12,131.90199279785156,132.02099609375,129.56900024414062,131.90199279785156,0
2023-01-13,129.1719970703125,129.3419952392578,127.46800231933594,129.1719970703125,0
2023-01-16,128.0260009765625,128.80999755859375,127.25399780273438,128.0260009765625,0
2023-01-17,128.3209991455078,129.11599731445312,128.02200317382812,128.3209991455078,0
2023-01-18,128.281005859375,131.5590057373047,127.60700225830078,128.281005859375,0
2023-01-19,128.53900146484375,128.7729949951172,127.7770004272461,128.53900146484375,0
2023-01-20,128.3699951171875,130.60400390625,128.35499572753906,128.3699951171875,0
2023-01-23,129.38499450683594,130.875,129.06199645996094,129.35400390625,0
2023-01-24,130.5970001220703,131.06900024414062,129.74400329589844,130.5970001220703,0
2023-01-25,130.23899841308594,130.5679931640625,129.29299926757812,130.23899841308594,0
2023-01-26,129.23699951171875,130.58299255371094,129.03500366210938,129.23699951171875,0
2023-01-27,129.8000030517578,130.2550048828125,129.54600524902344,129.8000030517578,0
2023-01-30,129.85400390625,130.46099853515625,129.2050018310547,129.85400390625,0
2023-01-31,130.47900390625,130.4759979248047,129.7689971923828,130.47900390625,0
2023-02-01,130.11000061035156,130.39599609375,129.2100067138672,130.11000061035156,0
2023-02-02,128.6219940185547,129.09100341796875,128.09300231933594,128.6219940185547,0
2023-02-03,128.74600219726562,131.13699340820312,128.33599853515625,128.74600219726562,0
2023-02-06,132.00900268554688,132.89199829101562,131.59100341796875,132.00900268554688,0
2023-02-07,132.6230010986328,132.6219940185547,131.16000366210938,132.6230010986328,0
2023-02-08,131.04200744628906,131.51400756835938,130.60899353027344,131.04200744628906,0
2023-02-09,131.38699340820312,131.8090057373047,130.3520050048828,131.38699340820312,0
2023-02-10,131.5189971923828,131.83200073242188,129.83399963378906,131.5189971923828,0
2023-02-13,131.55099487304688,132.86399841308594,131.46600341796875,131.55099487304688,0
2023-02-14,132.33700561523438,133.1179962158203,131.66200256347656,132.33700561523438,0
2023-02-15,132.99099731445312,134.32400512695312,132.55499267578125,132.99099731445312,0
2023-02-16,133.9029998779297,134.4429931640625,133.60899353027344,133.9029998779297,0
2023-02-17,134.07400512695312,135.0800018310547,134.07200622558594,134.07400512695312,0
2023-02-20,134.3070068359375,134.52999877929688,133.9290008544922,134.3070068359375,0
2023-02-21,134.33599853515625,135.1909942626953,134.156005859375,134.33599853515625,0
2023-02-22,134.9759979248047,135.04800415039062,134.38299560546875,134.9759979248047,0
2023-02-23,134.9320068359375,135.34300231933594,134.6439971923828,134.9320068359375,0
2023-02-24,134.6280059814453,136.4239959716797,134.18099975585938,134.6280059814453,0
2023-02-27,136.39500427246094,136.4759979248047,135.9290008544922,136.39500427246094,0
2023-02-28,136.31700134277344,136.90899658203125,136.02200317382812,136.31700134277344,0
2023-03-01,136.34800720214844,136.46200561523438,135.25999450683594,136.34800720214844,0
2023-03-02,136.19400024414062,137.06500244140625,136.08799743652344,136.19400024414062,0
2023-03-03,136.7050018310547,136.74000549316406,135.8280029296875,136.7050018310547,0
2023-03-06,135.8699951171875,136.1790008544922,135.39500427246094,135.86000061035156,0
2023-03-07,135.99899291992188,136.94700622558594,135.58099365234375,135.99899291992188,0
2023-03-08,137.39100646972656,137.89599609375,136.50599670410156,137.39100646972656,0
2023-03-09,137.2259979248047,137.2519989013672,135.99000549316406,137.2259979248047,0
2023-03-10,136.39500427246094,136.97900390625,134.1719970703125,136.39500427246094,0
2023-03-13,134.97000122070312,135.02000427246094,132.29299926757812,134.97999572753906,0
2023-03-14,133.11399841308594,134.8730010986328,133.0709991455078,133.11399841308594,0
2023-03-15,134.39700317382812,135.05799865722656,132.2519989013672,134.39700317382812,0
2023-03-16,132.9290008544922,133.45799255371094,131.74400329589844,132.9290008544922,0
2023-03-17,133.3679962158203,133.5659942626953,131.83700561523438,133.3679962158203,0
2023-03-20,132.28399658203125,132.6300048828125,130.55799865722656,132.28399658203125,0
2023-03-21,131.39199829101562,132.43699645996094,131.04800415039062,131.39199829101562,0
2023-03-22,132.34800720214844,132.9929962158203,132.26699829101562,132.34800720214844,0
2023-03-23,131.1790008544922,131.63600158691406,130.447998046875,131.1790008544922,0
2023-03-24,130.86500549316406,130.91900634765625,129.6739959716797,130.86500549316406,0
2023-03-27,130.8459930419922,131.74099731445312,130.50900268554688,130.8459930419922,0
2023-03-28,131.23300170898438,131.2760009765625,130.4459991455078,131.23300170898438,0
2023-03-29,131.04600524902344,132.697998046875,130.92799377441406,131.04600524902344,0
2023-03-30,132.5760040283203,132.93299865722656,132.2220001220703,132.5760040283203,0
2023-03-31,133.2010040283203,133.56399536132812,132.7259979248047,133.2010040283203,0
2023-04-03,133.3470001220703,133.7310028076172,132.2209930419922,133.3470001220703,0
2023-04-04,132.2989959716797,133.13999938964844,131.57400512695312,132.2989959716797,0
2023-04-05,131.48500061035156,131.83900451660156,130.6840057373047,131.48500061035156,0
2023-04-06,130.9340057373047,131.85299682617188,130.79100036621094,130.9340057373047,0
2023-04-07,131.66900634765625,132.3159942626953,131.52499389648438,131.66900634765625,0
2023-04-10,132.0970001220703,133.8419952392578,132.01400756835938,132.0970001220703,0
2023-04-11,133.468994140625,133.66600036621094,132.9810028076172,133.468994140625,0
2023-04-12,133.593994140625,134.0229949951172,132.781005859375,133.593994140625,0
2023-04-13,133.0850067138672,133.36700439453125,132.02999877929688,133.0850067138672,0
2023-04-14,132.48699951171875,133.75599670410156,132.17599487304688,132.48699951171875,0
2023-04-17,133.9709930419922,134.56500244140625,133.71400451660156,133.9709930419922,0
2023-04-18,134.4250030517578,134.6929931640625,133.8679962158203,134.4250030517578,0
2023-04-19,134.04400634765625,135.0469970703125,133.96099853515625,134.04400634765625,0
2023-04-20,134.70399475097656,134.9600067138672,134.02699279785156,134.70399475097656,0
2023-04-21,133.99600219726562,134.46499633789062,133.55499267578125,133.99600219726562,0
2023-04-24,133.96099853515625,134.72500610351562,133.88999938964844,133.96099853515625,0
2023-04-25,134.08399963378906,134.44900512695312,133.7469940185547,134.08399963378906,0
2023-04-26,133.71099853515625,133.86599731445312,133.0260009765625,133.71099853515625,0
2023-04-27,133.46499633789062,134.1820068359375,133.2949981689453,133.46499633789062,0
2023-04-28,133.802001953125,136.5290069580078,133.73399353027344,133.802001953125,0
2023-05-01,136.38600158691406,137.40199279785156,136.26300048828125,136.38600158691406,0
2023-05-02,137.52099609375,137.76499938964844,136.40899658203125,137.52099609375,0
2023-05-03,136.46600341796875,136.56900024414062,135.07200622558594,136.46600341796875,0
2023-05-04,134.54400634765625,134.8699951171875,133.68600463867188,134.54400634765625,0
2023-05-05,134.1790008544922,135.0850067138672,133.88600158691406,134.1790008544922,0
2023-05-08,135.19900512695312,135.20599365234375,134.66400146484375,135.19900512695312,0
2023-05-09,135.072998046875,135.33599853515625,134.73699951171875,135.072998046875,0
2023-05-10,135.28799438476562,135.45599365234375,134.30999755859375,135.28799438476562,0
2023-05-11,134.08700561523438,134.84100341796875,133.7519989013672,134.08700561523438,0
2023-05-12,134.4980010986328,135.62899780273438,134.40199279785156,134.4980010986328,0
2023-05-15,135.82200622558594,136.31199645996094,135.71600341796875,135.82200622558594,0
2023-05-16,136.0449981689453,136.6750030517578,135.697998046875,136.0449981689453,0
2023-05-17,136.42999267578125,137.5659942626953,136.3040008544922,136.42999267578125,0
2023-05-18,137.61399841308594,138.65899658203125,137.31100463867188,137.61399841308594,0
2023-05-19,138.6199951171875,138.64700317382812,137.46200561523438,138.6199951171875,0
2023-05-22,137.69200134277344,138.65899658203125,137.50399780273438,137.69200134277344,0
2023-05-23,138.6719970703125,138.87600708007812,138.2530059814453,138.6719970703125,0
2023-05-24,138.59800720214844,139.177001953125,138.24899291992188,138.59800720214844,0
2023-05-25,139.2830047607422,139.87600708007812,139.20599365234375,139.2830047607422,0
2023-05-26,140.01699829101562,140.68099975585938,139.51400756835938,140.01699829101562,0
2023-05-29,140.87100219726562,140.9010009765625,140.1199951171875,140.87100219726562,0
2023-05-30,140.4409942626953,140.9029998779297,139.5800018310547,140.4409942626953,0
2023-05-31,139.79200744628906,140.34100341796875,139.3159942626953,139.79200744628906,0
2023-06-01,139.1269989013672,139.9459991455078,138.4969940185547,139.1269989013672,0
2023-06-02,138.7480010986328,139.7969970703125,138.61000061035156,138.7480010986328,0
2023-06-05,140.20700073242188,140.44500732421875,139.25599670410156,140.20700073242188,0
2023-06-06,139.38299560546875,139.96099853515625,139.11700439453125,139.38299560546875,0
2023-06-07,139.52699279785156,140.0260009765625,139.04299926757812,139.52699279785156,0
2023-06-08,139.8990020751953,140.08999633789062,138.8249969482422,139.8990020751953,0
2023-06-09,138.86300659179688,139.71499633789062,138.89999389648438,138.86300659179688,0
2023-06-12,139.37100219726562,139.72500610351562,139.0709991455078,139.37100219726562,0
2023-06-13,139.4600067138672,140.10699462890625,139.01600646972656,139.4600067138672,0
2023-06-14,140.177001953125,140.1929931640625,139.2969970703125,140.177001953125,0
2023-06-15,139.9770050048828,141.4759979248047,139.9600067138672,139.9770050048828,0
2023-06-16,140.26800537109375,141.86599731445312,139.86199951171875,140.26800537109375,0
2023-06-19,141.86700439453125,141.99600219726562,141.45399475097656,141.86700439453125,0
2023-06-20,141.8990020751953,142.2239990234375,141.2449951171875,141.8990020751953,0
2023-06-21,141.3350067138672,142.32899475097656,141.37100219726562,141.3350067138672,0
2023-06-22,141.68800354003906,142.9340057373047,141.62600708007812,141.68800354003906,0
2023-06-23,143.02999877929688,143.85400390625,142.76199340820312,143.02999877929688,0
2023-06-26,143.54100036621094,143.6820068359375,142.97300720214844,143.54100036621094,0
2023-06-27,143.4600067138672,144.16299438476562,143.29200744628906,143.4600067138672,0
2023-06-28,143.8820037841797,144.59500122070312,143.73599243164062,143.8820037841797,0
2023-06-29,144.38900756835938,144.89199829101562,144.13800048828125,144.38900756835938,0
2023-06-30,144.77999877929688,145.0330047607422,144.22799682617188,144.77999877929688,0
2023-07-03,144.3979949951172,144.90899658203125,144.0229949951172,144.3979949951172,0
2023-07-04,144.58399963378906,144.67300415039062,144.2100067138672,144.58399963378906,0
2023-07-05,144.406005859375,144.72500610351562,144.08999633789062,144.406005859375,0
2023-07-06,144.48899841308594,144.64199829101562,143.58299255371094,144.48899841308594,0
2023-07-07,143.9510040283203,144.1929931640625,142.11000061035156,143.9510040283203,0
2023-07-10,142.20899963378906,142.99899291992188,141.5279998779297,142.20899963378906,0
2023-07-11,141.2969970703125,141.4409942626953,140.1649932861328,141.2969970703125,0
2023-07-12,140.1179962158203,140.07400512695312,138.2050018310547,140.1179962158203,0
2023-07-13,138.31500244140625,138.93699645996094,138.05599975585938,138.31500244140625,0
2023-07-14,138.0749969482422,139.1009979248047,137.31500244140625,138.0749969482422,0
2023-07-17,138.6820068359375,139.3939971923828,138.01499938964844,138.6820068359375,0
2023-07-18,138.72900390625,138.95599365234375,137.8280029296875,138.72900390625,0
2023-07-19,139.02699279785156,139.99000549316406,138.87600708007812,139.02699279785156,0
2023-07-20,139.59800720214844,140.4029998779297,139.1230010986328,139.59800720214844,0
2023-07-21,139.86399841308594,141.93699645996094,139.7519989013672,139.86399841308594,0
2023-07-24,141.75,141.77099609375,140.88600158691406,141.75,0
2023-07-25,141.52200317382812,141.69000244140625,140.9149932861328,141.52200317382812,0
2023-07-26,140.91299438476562,141.1790008544922,140.18899536132812,140.91299438476562,0
2023-07-27,140.36700439453125,141.281005859375,139.3979949951172,140.36700439453125,0
2023-07-28,138.86399841308594,140.95700073242188,138.08999633789062,138.86399841308594,0
2023-07-31,140.75799560546875,142.6479949951172,140.7010040283203,140.75799560546875,0
2023-08-01,142.322998046875,143.4530029296875,142.2899932861328,142.322998046875,0
2023-08-02,142.97000122070312,143.4600067138672,142.2570037841797,142.97000122070312,0
2023-08-03,143.343994140625,143.8780059814453,142.09300231933594,143.343994140625,0
2023-08-04,142.59800720214844,142.86700439453125,141.5570068359375,142.59800720214844,0
2023-08-07,141.87600708007812,142.48800659179688,141.5229949951172,141.87600708007812,0
2023-08-08,142.5240020751953,143.41900634765625,142.572998046875,142.5240020751953,0
2023-08-09,143.2779998779297,143.71200561523438,143.01400756835938,143.2779998779297,0
2023-08-10,143.7270050048828,144.48300170898438,143.33900451660156,143.7270050048828,0
2023-08-11,144.85400390625,144.96299743652344,144.43699645996094,144.85400390625,0
2023-08-14,144.81700134277344,145.5659942626953,144.75100708007812,144.81700134277344,0
2023-08-15,145.43699645996094,145.85800170898438,145.10699462890625,145.43699645996094,0
2023-08-16,145.60800170898438,145.88299560546875,145.31900024414062,145.60800170898438,0
2023-08-17,146.33299255371094,146.52499389648438,145.63800048828125,146.33299255371094,0
2023-08-18,145.71400451660156,145.7740020751953,145.13400268554688,145.71400451660156,0
2023-08-21,145.30499267578125,146.38299560546875,145.1490020751953,145.30499267578125,0
2023-08-22,146.23800659179688,146.38999938964844,145.5019989013672,146.23800659179688,0
2023-08-23,145.76300048828125,145.81300354003906,144.5800018310547,145.76300048828125,0
2023-08-24,144.67300415039062,145.94700622558594,144.62100219726562,144.67300415039062,0
2023-08-25,146.06700134277344,146.60499572753906,145.73399353027344,146.06700134277344,0
2023-08-28,146.531005859375,146.71600341796875,146.2779998779297,146.531005859375,0
2023-08-29,146.46400451660156,147.343994140625,145.8520050048828,146.46400451660156,0
2023-08-30,145.98800659179688,146.5229949951172,145.55799865722656,145.98800659179688,0
2023-08-31,146.0989990234375,146.1909942626953,145.531005859375,146.0989990234375,0
2023-09-01,145.47300720214844,146.2270050048828,144.48199462890625,145.47300720214844,0
2023-09-04,146.0570068359375,146.49000549316406,146.04100036621094,146.0570068359375,0
2023-09-05,146.54299926757812,147.71600341796875,146.4980010986328,146.54299926757812,0
2023-09-06,147.4709930419922,147.79600524902344,147.03700256347656,147.4709930419922,0
2023-09-07,147.70899963378906,147.86500549316406,147.0570068359375,147.70899963378906,0
2023-09-08,147.33099365234375,147.74200439453125,146.68699645996094,147.33099365234375,0
2023-09-11,147.11300659179688,147.10000610351562,145.91299438476562,147.11300659179688,0
2023-09-12,146.67799377441406,147.218994140625,146.47300720214844,146.67799377441406,0
2023-09-13,147.1580047607422,147.61500549316406,147.11199951171875,147.1580047607422,0
2023-09-14,147.3459930419922,147.53700256347656,147.02699279785156,147.3459930419922,0
2023-09-15,147.48199462890625,147.94900512695312,147.34100341796875,147.48199462890625,0
2023-09-18,147.8679962158203,147.86099243164062,147.55999755859375,147.8679962158203,0
2023-09-19,147.60499572753906,147.88999938964844,147.51499938964844,147.60499572753906,0
2023-09-20,147.74200439453125,148.16299438476562,147.6230010986328,147.74200439453125,0
2023-09-21,148.3209991455078,148.447998046875,147.3249969482422,148.3209991455078,0
2023-09-22,147.6439971923828,148.4040069580078,147.5290069580078,147.6439971923828,0
2023-09-25,148.4340057373047,148.94400024414062,148.28500366210938,148.4340057373047,0
2023-09-26,148.81100463867188,149.17599487304688,148.70799255371094,148.81100463867188,0
2023-09-27,149.0449981689453,149.4949951171875,148.86599731445312,149.0449981689453,0
2023-09-28,149.4980010986328,149.54200744628906,149.16400146484375,149.4980010986328,0
2023-09-29,149.33700561523438,149.4459991455078,148.531005859375,149.33700561523438,0
2023-10-02,149.5399932861328,149.86399841308594,149.46499633789062,149.5399932861328,0
2023-10-03,149.8509979248047,150.14199829101562,148.71200561523438,149.8509979248047,0
2023-10-04,149.19200134277344,149.30599975585938,148.74000549316406,149.19200134277344,0
2023-10-05,148.96600341796875,149.10000610351562,148.30599975585938,148.96600341796875,0
2023-10-06,148.46299743652344,149.48800659179688,148.46499633789062,148.46299743652344,0
2023-10-09,149.16000366210938,149.21800231933594,148.5229949951172,149.16000366210938,0
2023-10-10,148.32699584960938,149.09300231933594,148.18899536132812,148.32699584960938,0
2023-10-11,148.6280059814453,149.17999267578125,148.43800354003906,148.6280059814453,0
2023-10-12,149.03599548339844,149.78199768066406,148.95799255371094,149.03599548339844,0
2023-10-13,149.7899932861328,149.822998046875,149.45599365234375,149.7899932861328,0
2023-10-16,149.5659942626953,149.7530059814453,149.3780059814453,149.5659942626953,0
2023-10-17,149.5780029296875,149.78900146484375,149.31900024414062,149.5780029296875,0
2023-10-18,149.75900268554688,149.87899780273438,149.51300048828125,149.75900268554688,0
2023-10-19,149.74200439453125,149.9320068359375,149.70700073242188,149.74200439453125,0
2023-10-20,149.802001953125,149.99200439453125,149.80499267578125,149.802001953125,0
2023-10-23,149.8800048828125,149.98899841308594,149.74200439453125,149.8800048828125,0
2023-10-24,149.7689971923828,149.91799926757812,149.3350067138672,149.7689971923828,0
2023-10-25,149.85400390625,149.97000122070312,149.7949981689453,149.85400390625,0
2023-10-26,150.09800720214844,150.77200317382812,150.04800415039062,150.09800720214844,0
2023-10-27,150.36599731445312,150.4029998779297,149.5540008544922,150.36599731445312,0
2023-10-30,149.73300170898438,149.8459930419922,148.81399536132812,149.73300170898438,0
2023-10-31,149.11099243164062,151.5290069580078,149.02999877929688,149.11099243164062,0
2023-11-01,151.29400634765625,151.4320068359375,150.82400512695312,151.29400634765625,0
2023-11-02,150.5749969482422,150.58799743652344,149.85000610351562,150.5749969482422,0
2023-11-03,150.4969940185547,150.4929962158203,149.25900268554688,150.4969940185547,0
2023-11-06,149.44900512695312,149.8300018310547,149.3820037841797,149.44900512695312,0
2023-11-07,149.98899841308594,150.68699645996094,149.968994140625,149.98899841308594,0
2023-11-08,150.39599609375,150.98199462890625,150.3459930419922,150.39599609375,0
2023-11-09,150.86399841308594,151.17599487304688,150.79800415039062,150.86399841308594,0
2023-11-10,151.3489990234375,151.5590057373047,151.22500610351562,151.3489990234375,0
2023-11-13,151.468994140625,151.9029998779297,151.24000549316406,151.468994140625,0
2023-11-14,151.64599609375,151.77499389648438,150.69700622558594,151.64599609375,0
2023-11-15,150.48500061035156,151.23199462890625,150.25999450683594,150.48500061035156,0
2023-11-16,151.21499633789062,151.42100524902344,150.2969970703125,151.21499633789062,0
2023-11-17,150.7050018310547,150.7689971923828,149.21499633789062,150.7050018310547,0
2023-11-20,149.94200134277344,149.968994140625,148.10899353027344,149.94200134277344,0
2023-11-21,148.36199951171875,148.41700744628906,147.16900634765625,148.36199951171875,0
2023-11-22,148.15199279785156,149.74400329589844,148.093994140625,148.15199279785156,0
2023-11-23,149.4600067138672,149.68699645996094,148.88800048828125,149.4600067138672,0
2023-11-24,149.63499450683594,149.69900512695312,149.2010040283203,149.63499450683594,0
2023-11-27,149.5709991455078,149.6529998779297,148.6739959716797,149.5709991455078,0
2023-11-28,148.45199584960938,148.79600524902344,147.39999389648438,148.45199584960938,0
2023-11-29,147.06300354003906,147.88800048828125,146.69900512695312,147.06300354003906,0
2023-11-30,147.03900146484375,148.4600067138672,146.88600158691406,147.03900146484375,0
2023-12-01,147.99899291992188,148.31399536132812,146.8509979248047,147.99899291992188,0
2023-12-04,146.39300537109375,147.22300720214844,146.25399780273438,146.39300537109375,0
2023-12-05,147.32699584960938,147.3699951171875,146.593994140625,147.32699584960938,0
2023-12-06,147.18499755859375,147.48699951171875,146.90499877929688,147.18499755859375,0
2023-12-07,147.1840057373047,147.18099975585938,143.85699462890625,147.1840057373047,0
2023-12-08,144.2779998779297,145.1479949951172,142.5229949951172,144.2779998779297,0
2023-12-11,144.98300170898438,146.55299377441406,144.9029998779297,144.98300170898438,0
2023-12-12,146.0850067138672,146.11599731445312,144.81500244140625,146.0850067138672,0
2023-12-13,145.27999877929688,145.9770050048828,145.06199645996094,145.27999877929688,0
2023-12-14,142.7729949951172,142.8730010986328,141.04400634765625,142.7729949951172,0
2023-12-15,142.2790069580078,142.44700622558594,141.47000122070312,142.2790069580078,0
2023-12-18,142.31300354003906,143.1269989013672,142.0760040283203,142.31300354003906,0
2023-12-19,142.7220001220703,144.93499755859375,142.26300048828125,142.7220001220703,0
2023-12-20,143.88900756835938,144.06300354003906,143.302001953125,143.88900756835938,0
2023-12-21,143.5229949951172,143.5489959716797,142.05999755859375,143.5229949951172,0
2023-12-22,142.07000732421875,142.64599609375,141.88400268554688,142.07000732421875,0
2023-12-25,142.3419952392578,142.47999572753906,142.13900756835938,142.3419952392578,0
2023-12-26,142.22999572753906,142.6199951171875,142.10800170898438,142.22999572753906,0
2023-12-27,142.46099853515625,142.83200073242188,141.85800170898438,142.46099853515625,0
2023-12-28,141.3990020751953,141.65199279785156,140.2899932861328,141.3990020751953,0
2023-12-29,141.42999267578125,141.8990020751953,140.82899475097656,141.42999267578125,0
