iteration, evaluation, sigma, axis ratio, bestever, best, median, worst objective function value, further objective values of best
1 20 9.749122697513862 1.000049763142906 -1000121.4593136751 -1.0001214593136751e+06 -999999.1109597945 -999946.7525031769
2 40 9.542201018337934 1.000049763142906 -1000176.5654134643 -1.0001765654134643e+06 -1000068.3024310298 -1000001.4525232995
3 60 9.358452820301993 1.0116115566772887 -1000199.5848783451 -1.0001995848783451e+06 -1000128.155349969 -999999.6395764112
4 80 9.20894908823012 1.0116115566772887 -1000240.5871799875 -1.0002405871799875e+06 -1000160.8335427031 -1000122.7257809131
5 100 9.082420173696963 1.0137697972715562 -1000272.7538772011 -1.0002727538772011e+06 -1000214.4627284313 -1000169.2691272609
6 120 8.980602759397813 1.0137697972715562 -1000331.773307221 -1.0003317733072210e+06 -1000252.9290039031 -1000176.3680647885
7 140 8.877802869018813 1.0160614869259448 -1000346.2147314236 -1.0003462147314236e+06 -1000290.9588110582 -1000226.8759761181
8 160 8.792238722148785 1.0160614869259448 -1000381.781606255 -1.0003817816062550e+06 -1000330.4772849716 -1000245.0262369516
9 180 8.722940806191838 1.0188576245921404 -1000435.3097135895 -1.0004353097135895e+06 -1000374.4489009174 -1000320.302313955
10 200 8.671575747443882 1.0188576245921404 -1000503.0413496911 -1.0005030413496911e+06 -1000420.9368141969 -1000356.6033124955
11 220 8.632589436544192 1.0223239265598487 -1000532.0108632812 -1.0005320108632812e+06 -1000465.8575142627 -1000370.1089421262
12 240 8.599902537151044 1.0223239265598487 -1000568.5927433204 -1.0005685927433204e+06 -1000493.4352212766 -1000408.7057638307
13 260 8.573283990127157 1.026510767826607 -1000627.7421004289 -1.0006277421004289e+06 -1000535.1851019268 -1000499.6208533878
14 280 8.552376200638747 1.026510767826607 -1000644.3485947333 -1.0006443485947333e+06 -1000580.1336027156 -1000531.2780984476
15 300 8.542868404404201 1.0308432040628916 -1000701.0845943129 -1.0007010845943129e+06 -1000655.1146069197 -1000568.5822333209
16 320 8.549490704325029 1.0308432040628916 -1000771.7958172981 -1.0007717958172981e+06 -1000698.1128872834 -1000652.3395916619
17 340 8.563452855663627 1.0365939922393161 -1000820.4180738146 -1.0008204180738146e+06 -1000746.0798463793 -1000690.2576993314
18 360 8.587227499337315 1.0365939922393161 -1000891.7522993607 -1.0008917522993607e+06 -1000803.7932277368 -1000733.4326340277
19 380 8.615508663976454 1.0432178455255614 -1000891.7522993607 -1.0008809382812806e+06 -1000855.6847671957 -1000805.8509113754
20 400 8.655490611152535 1.0432178455255614 -1000980.5829281176 -1.0009805829281176e+06 -1000874.9435997305 -1000832.4889282169
21 420 8.711562714786211 1.0503174924889702 -1000991.8489115236 -1.0009918489115236e+06 -1000929.2191885377 -1000855.2992680115
22 440 8.771912602441413 1.0503174924889702 -1001051.995594074 -1.0010519955940740e+06 -1000978.8114516683 -1000893.651808414
23 460 8.840778413034604 1.058504051884814 -1001084.4695892904 -1.0010844695892904e+06 -1001029.3465801333 -1000944.9000402616
24 480 8.920856547428627 1.058504051884814 -1001148.2988615049 -1.0011482988615049e+06 -1001074.9247313178 -1000958.1159288172
25 500 9.008884091889215 1.0674821890420154 -1001235.5728503994 -1.0012355728503994e+06 -1001107.3471657047 -1001058.7985387848
26 520 9.099344305339006 1.0674821890420154 -1001271.1046787876 -1.0012711046787876e+06 -1001178.2927141488 -1001117.1108062967
27 540 9.200763291989322 1.0772915103720127 -1001328.3060865176 -1.0013283060865176e+06 -1001246.6039624484 -1001172.3970512873
28 560 9.308264030752042 1.0772915103720127 -1001394.2535785924 -1.0013942535785924e+06 -1001297.8642082807 -1001203.7686382985
29 580 9.420490491941846 1.0876062200443863 -1001396.663704767 -1.0013966637047670e+06 -1001351.4452914568 -1001270.5773007066
30 600 9.543725096118855 1.0876062200443863 -1001503.6096732151 -1.0015036096732151e+06 -1001385.1778387624 -1001318.7342312717
31 620 9.674914841623272 1.0975249517007652 -1001555.3080942136 -1.0015553080942136e+06 -1001446.5894905167 -1001379.7544196377
32 640 9.815877872701495 1.0975249517007652 -1001613.5317100825 -1.0016135317100825e+06 -1001510.5324986631 -1001444.5110514014
33 660 9.966674078718563 1.1068976046535586 -1001689.4972407093 -1.0016894972407093e+06 -1001562.3261488259 -1001484.5807213223
34 680 10.13440023253357 1.1068976046535586 -1001742.0369728432 -1.0017420369728432e+06 -1001612.9252178776 -1001573.6913885464
35 700 10.306414830374539 1.1160264076861326 -1001765.9795981518 -1.0017659795981518e+06 -1001692.627117879 -1001640.1927729151
36 720 10.47986866890429 1.1160264076861326 -1001812.7820945389 -1.0018127820945389e+06 -1001735.9801704707 -1001659.3288155324
37 740 10.67129759094597 1.1241035191399773 -1001886.8035198895 -1.0018868035198895e+06 -1001777.8650825373 -1001679.1715947099
38 760 10.885587355876954 1.1241035191399773 -1002015.4906736357 -1.0020154906736357e+06 -1001847.4775322544 -1001787.4490634232
39 780 11.116568118247574 1.1326130964978882 -1002079.2924528816 -1.0020792924528816e+06 -1001955.0979251615 -1001845.9697466369
40 800 11.354945740914605 1.1326130964978882 -1002122.903821503 -1.0021229038215030e+06 -1002039.7262900763 -1001914.7910729008
41 820 11.600746869450646 1.1394981766451133 -1002193.3132493724 -1.0021933132493724e+06 -1002061.455247439 -1001950.2987055525
42 840 11.861228144403624 1.1394981766451133 -1002226.7250929693 -1.0022267250929693e+06 -1002149.8085317415 -1002014.4556292254
43 860 12.136938598341553 1.1459346367411947 -1002313.8563294627 -1.0023138563294627e+06 -1002201.4963291488 -1002052.5135409695
44 880 12.423332190031214 1.1459346367411947 -1002363.2531093479 -1.0023632531093479e+06 -1002279.8626548894 -1002199.5388151
45 900 12.733181950077581 1.1519660878054614 -1002485.2205296846 -1.0024852205296846e+06 -1002306.1177263915 -1002247.2591629783
46 920 13.055799517282793 1.1519660878054614 -1002524.9567706345 -1.0025249567706345e+06 -1002420.2461613328 -1002350.4586380213
47 940 13.393910315105405 1.1578277169601117 -1002613.6572349693 -1.0026136572349693e+06 -1002500.6320299497 -1002392.8372108602
48 960 13.733352977103117 1.1578277169601117 -1002659.0898920975 -1.0026590898920975e+06 -1002572.8272575801 -1002449.4583785546
49 980 14.094123087148564 1.1631681251433474 -1002831.2487765376 -1.0028312487765376e+06 -1002632.7262406757 -1002503.825458194
50 1000 14.481199039952655 1.1631681251433474 -1002913.4920421133 -1.0029134920421133e+06 -1002738.872313845 -1002635.3727618349
51 1020 14.866958122781055 1.168567812127872 -1002913.4920421133 -1.0029129871631835e+06 -1002842.2865377656 -1002739.3430519924
52 1040 15.268710730806418 1.168567812127872 -1003093.9917754125 -1.0030939917754125e+06 -1002862.5314248597 -1002728.8948435696
53 1060 15.686814213462636 1.1732970800170661 -1003187.5093046459 -1.0031875093046459e+06 -1003001.5893069191 -1002905.6150938801
54 1080 16.12770587754659 1.1732970800170661 -1003289.7685744725 -1.0032897685744725e+06 -1003153.6432706726 -1003051.6790625528
55 1100 16.58943417708661 1.1781721840602455 -1003437.6332468807 -1.0034376332468807e+06 -1003219.3926836953 -1003049.1090486645
56 1120 17.063809859411215 1.1781721840602455 -1003486.8838513198 -1.0034868838513198e+06 -1003366.0551099891 -1003271.794965131
57 1140 17.558004869465165 1.1822150750884608 -1003619.7016429724 -1.0036197016429724e+06 -1003456.064948437 -1003258.8284656953
58 1160 18.048127304129796 1.1822150750884608 -1003661.8681893402 -1.0036618681893402e+06 -1003575.1284793711 -1003409.7886050104
59 1180 18.555399532348932 1.185666256443187 -1003787.7339750296 -1.0037877339750296e+06 -1003588.2022656868 -1003474.8697048072
60 1200 19.077887197504765 1.185666256443187 -1003956.6911699561 -1.0039566911699561e+06 -1003723.3890621082 -1003596.4346660282
61 1220 19.61033492094659 1.1891402109774734 -1003966.2203664177 -1.0039662203664177e+06 -1003843.1582406893 -1003656.667501254
62 1240 20.173353719272537 1.1891402109774734 -1004145.9602704693 -1.0041459602704693e+06 -1003945.3119709422 -1003742.8520655071
63 1260 20.742196671867074 1.1922028893864864 -1004234.0674519127 -1.0042340674519127e+06 -1004042.0889567416 -1003921.5936489634
64 1280 21.313453431482323 1.1922028893864864 -1004283.662187509 -1.0042836621875090e+06 -1004131.9467383047 -1003906.1316148702
65 1300 21.90786261857659 1.1948479170071509 -1004444.3710732645 -1.0044443710732645e+06 -1004233.7283825434 -1004024.5442500064
66 1320 22.514037562258082 1.1948479170071509 -1004511.4357132441 -1.0045114357132441e+06 -1004378.7337029532 -1004137.9364457184
67 1340 23.16347126003031 1.1977124867715132 -1004798.9202966113 -1.0047989202966113e+06 -1004465.8651582814 -1004244.6439938745
68 1360 23.81230125727181 1.1977124867715132 -1004831.7144847283 -1.0048317144847283e+06 -1004635.5708573684 -1004311.858745368
69 1380 24.46242915283764 1.2002000831458042 -1004956.6074891691 -1.0049566074891691e+06 -1004805.2458379904 -1004598.0622545044
70 1400 25.11352177306933 1.2002000831458042 -1005041.74851595 -1.0050417485159501e+06 -1004871.2348645345 -1004669.9995110033
71 1420 25.80076690701031 1.2025073092275311 -1005264.2351324832 -1.0052642351324832e+06 -1005006.892747326 -1004769.0000146106
72 1440 26.494221599119818 1.2025073092275311 -1005449.9475768392 -1.0054499475768392e+06 -1005189.0319363453 -1005034.0102962237
73 1460 27.209691038698782 1.2048196553756965 -1005532.2256384578 -1.0055322256384578e+06 -1005281.6252021226 -1005004.816939512
74 1480 27.97701855131089 1.2048196553756965 -1005859.8001718575 -1.0058598001718575e+06 -1005512.7905447965 -1005288.0823780231
75 1500 28.761898240136485 1.206662512043295 -1005859.8001718575 -1.0058590372274019e+06 -1005637.7468127547 -1005355.3309923748
76 1520 29.571415808751304 1.206662512043295 -1006096.6668742443 -1.0060966668742443e+06 -1005823.7907757058 -1005643.7227808561
77 1540 30.38278093647393 1.2087802186685361 -1006189.562653868 -1.0061895626538680e+06 -1006010.9797029658 -1005671.9542831989
78 1560 31.216350690730152 1.2087802186685361 -1006344.0679654977 -1.0063440679654977e+06 -1006082.7583309719 -1005829.5751599723
79 1580 32.05592731214124 1.210718013170856 -1006500.4341251445 -1.0065004341251445e+06 -1006223.3913453061 -1006016.9141362328
80 1600 32.91775500255592 1.210718013170856 -1006615.0285677661 -1.0066150285677661e+06 -1006375.3648912547 -1006112.7652430923
81 1620 33.782738271717946 1.2122188833840715 -1006850.4276823044 -1.0068504276823044e+06 -1006522.5964429204 -1006177.8791073693
82 1640 34.70401219317824 1.2122188833840715 -1007059.9503026251 -1.0070599503026251e+06 -1006845.9728461955 -1006454.5905454783
83 1660 35.67953971980774 1.2137321154053384 -1007384.7614268754 -1.0073847614268754e+06 -1007011.7321590056 -1006791.6738192876
84 1680 36.67719330604481 1.2137321154053384 -1007639.1835565065 -1.0076391835565065e+06 -1007329.6365547025 -1007105.9958382521
85 1700 37.699038313396144 1.2154254523437769 -1007796.2279977239 -1.0077962279977239e+06 -1007432.4550306322 -1007164.6258685922
86 1720 38.754650299562755 1.2154254523437769 -1008063.4435887901 -1.0080634435887901e+06 -1007686.7912401872 -1007299.3231055615
87 1740 39.8620242902329 1.2167482136470527 -1008235.4274633423 -1.0082354274633423e+06 -1007815.7583541609 -1007444.2616317198
88 1760 40.994173082309864 1.2167482136470527 -1008569.3271415108 -1.0085693271415108e+06 -1008208.489104717 -1008004.0087155765
89 1780 42.14071066227031 1.2181151063112594 -1008821.9943979717 -1.0088219943979717e+06 -1008307.4319536929 -1008064.8328786683
90 1800 43.30330248084989 1.2181151063112594 -1008995.1400040191 -1.0089951400040191e+06 -1008627.3470620028 -1008267.6820417787
91 1820 44.50125551321646 1.2194175394993514 -1009374.4272554072 -1.0093744272554072e+06 -1008950.4305490032 -1008416.9305535167
92 1840 45.693959820025626 1.2194175394993514 -1009682.9648726155 -1.0096829648726155e+06 -1009028.8530667755 -1006822.1159707705
93 1860 46.89764756942296 1.2209445424543321 -1010031.4972629345 -1.0100314972629345e+06 -1009259.74182222 -1008538.4683602013
94 1880 48.10279137978148 1.2209445424543321 -1010161.2657841389 -1.0101612657841389e+06 -1009413.9689600037 -1007479.3138917979
95 1900 49.330427979918376 1.2217119831107868 -1010161.2657841389 -1.0100883171015524e+06 -1009729.9167175639 -1008098.9989382915
96 1920 50.60746791991358 1.2217119831107868 -1010371.864581765 -1.0103718645817650e+06 -1010029.7271241636 -1008857.419326494
97 1940 51.95070553004588 1.2221284993482797 -1010791.4573681995 -1.0107914573681995e+06 -1010190.9627479906 -1008115.9720631609
98 1960 53.327939586698776 1.2221284993482797 -1010791.4573681995 -1.0107796236235788e+06 -1010292.5053173986 -1005830.8210256499
99 1980 54.736875530977485 1.2229288221430445 -1011101.3825860667 -1.0111013825860667e+06 -1010609.5682274934 -1006298.764971517
100 2000 56.132231659158506 1.2229288221430445 -1011376.8785007454 -1.0113768785007454e+06 -1010796.1100583458 -1008934.1735897877
101 2020 57.530348096182564 1.2239583610985802 -1011376.8785007454 -1.0112602280526732e+06 -1010947.2295030107 -1008395.5271103347
102 2040 58.937388208311546 1.2239583610985802 -1011637.4564168201 -1.0116374564168201e+06 -1011110.7009234556 -1009510.1119847086
103 2060 60.41574363669426 1.2245717100174414 -1011866.2571169583 -1.0118662571169583e+06 -1011353.482053199 -1010558.6356416661
104 2080 61.89237831731313 1.2245717100174414 -1012043.3506635193 -1.0120433506635193e+06 -1011689.0784760774 -1010049.7899647208
105 2100 63.42456774570379 1.225220414738464 -1012314.4798821257 -1.0123144798821257e+06 -1011577.674819946 -1006781.3717963147
106 2120 64.93802329973329 1.225220414738464 -1012419.5503798841 -1.0124195503798841e+06 -1011899.2310405639 -1009611.0754748903
107 2140 66.4563236533349 1.226151879041192 -1012634.2522825268 -1.0126342522825268e+06 -1012082.9157089557 -1008607.4518924879
108 2160 67.97520323013175 1.226151879041192 -1012702.326028857 -1.0127023260288570e+06 -1011993.7853697875 -1008908.4890431864
109 2180 69.49941200372629 1.2266566215880403 -1013104.1232242206 -1.0131041232242206e+06 -1012007.1511433856 -1008687.36984926
110 2200 71.06252207946261 1.2266566215880403 -1013104.1232242206 -1.0130555730590608e+06 -1012423.751980148 -1009386.6485579092
111 2220 72.69146247821514 1.2274163584614037 -1013556.3505355589 -1.0135563505355589e+06 -1012738.5743172122 -1010971.5679236233
112 2240 74.27194647035782 1.2274163584614037 -1013559.0153446586 -1.0135590153446586e+06 -1013051.4574929115 -1011505.7900222071
113 2260 75.86707081285195 1.2275464628912507 -1013619.1515038233 -1.0136191515038233e+06 -1012725.1563622579 -1010141.0744641839
114 2280 77.3904077368276 1.2275464628912507 -1013653.1878126599 -1.0136531878126599e+06 -1012962.1431083339 -1009982.3746080598
115 2300 78.94398033180066 1.2277745670872195 -1014038.8614372895 -1.0140388614372895e+06 -1012561.0958208463 -1007905.7952501556
116 2320 80.4500874243594 1.2277745670872195 -1014187.7349618151 -1.0141877349618151e+06 -1013246.6026594159 -1008427.8537112232
117 2340 82.05300815698122 1.2286080845952645 -1014371.1073944109 -1.0143711073944109e+06 -1013522.6619989475 -1010343.6896072538
118 2360 83.56192185038 1.2286080845952645 -1014371.1073944109 -1.0143586916152858e+06 -1013605.9009672381 -1008475.9764862146
119 2380 85.08358288102944 1.229309934008067 -1014477.57051321 -1.0144775705132100e+06 -1013633.9115393376 -1010491.5923671926
120 2400 86.57282289206415 1.229309934008067 -1015074.0308298296 -1.0150740308298296e+06 -1013580.5656302127 -1011081.1448912281
121 2420 88.03465261931044 1.229810292009282 -1015099.9861231305 -1.0150999861231305e+06 -1013560.7093955488 -1011673.9430907011
122 2440 89.4596613913828 1.229810292009282 -1015099.9861231305 -1.0149070620531486e+06 -1013622.5853423001 -1011605.133050722
123 2460 90.88395664730531 1.2304954104854613 -1015287.0349655614 -1.0152870349655614e+06 -1014138.9480583369 -1011701.1083418562
124 2480 92.30484972596291 1.2304954104854613 -1015471.6028822997 -1.0154716028822997e+06 -1014617.6862780302 -1010058.4773549916
125 2500 93.75671530858303 1.2310813910986274 -1015490.126361641 -1.0154901263616410e+06 -1014684.4099577119 -1009043.9356094785
126 2520 95.18909191688695 1.2310813910986274 -1015720.3520836094 -1.0157203520836094e+06 -1014606.2450117588 -1009815.8899002783
127 2540 96.65942968003911 1.2313375029446894 -1016056.3282836693 -1.0160563282836693e+06 -1014494.3961807011 -1010057.9958133571
128 2560 98.1785724999528 1.2313375029446894 -1016482.7095875008 -1.0164827095875008e+06 -1014826.7456448949 -1012844.1446753239
129 2580 99.5721697154023 1.2321874806417064 -1016482.7095875008 -1.0162376880822507e+06 -1014288.6124033225 -1009720.9782137335
130 2600 100.80901616219258 1.2321874806417064 -1016482.7095875008 -1.0161662899921158e+06 -1014539.6845869233 -1009704.3532733462
131 2620 102.07467726864301 1.2325907038318442 -1016482.7095875008 -1.0162376028413790e+06 -1015286.9098311348 -1010227.0935749249
132 2640 103.50460668210684 1.2325907038318442 -1016644.2378960232 -1.0166442378960232e+06 -1014532.4561905923 -1009199.2493675548
133 2660 104.84987668093932 1.2333760636211655 -1016644.2378960232 -1.0166370079118562e+06 -1015391.5510094508 -1013887.8467549311
134 2680 106.02727770874853 1.2333760636211655 -1016644.2378960232 -1.0163246504703044e+06 -1015371.6852673579 -1009072.7566615484
135 2700 107.25534810380938 1.2336910902992824 -1016644.2378960232 -1.0164665675814565e+06 -1014829.1915784513 -1008976.5654900982
136 2720 108.4364002439114 1.2336910902992824 -1016644.2378960232 -1.0163471250483175e+06 -1015193.0136094294 -1008538.5559461662
137 2740 109.62960819070466 1.2341418415120282 -1016833.1619719043 -1.0168331619719043e+06 -1014202.7271698259 -1008724.2248565814
138 2760 110.79686555766794 1.2341418415120282 -1016833.1619719043 -1.0166634576358346e+06 -1014986.0932994642 -1009008.0559115913
139 2780 111.95889443399454 1.2348206616407982 -1017201.8996108402 -1.0172018996108402e+06 -1014917.0675676559 -1006651.1683343897
140 2800 113.24125190709916 1.2348206616407982 -1017201.8996108402 -1.0171114098010494e+06 -1015313.2652098212 -1007986.1288743613
141 2820 114.50865272479167 1.2353744905445074 -1017479.99726493 -1.0174799972649300e+06 -1015434.2914714003 -1013193.2283620946
142 2840 115.75887995487112 1.2353744905445074 -1017479.99726493 -1.0172317118474630e+06 -1015834.142763963 -1011681.247410308
143 2860 116.95096411015584 1.2359091236233017 -1017479.99726493 -1.0174081185002880e+06 -1015767.666758318 -1012186.4740136516
144 2880 117.98529419029526 1.2359091236233017 -1017479.99726493 -1.0172057899626046e+06 -1016562.137752444 -1012084.1473127449
145 2900 119.10834864706196 1.236445628592699 -1017479.99726493 -1.0172415087945841e+06 -1015720.3612587751 -1012466.2400948212
146 2920 120.11167776960664 1.236445628592699 -1017479.99726493 -1.0169677991017596e+06 -1015580.0171511273 -1007099.6725084616
147 2940 121.06487495673866 1.2370673418421978 -1017479.99726493 -1.0169821707622769e+06 -1015780.8350928042 -1010301.9528048242
148 2960 121.97346238863953 1.2370673418421978 -1017479.99726493 -1.0172214767427767e+06 -1016390.7362432815 -1011363.4972534785
149 2980 122.82997349356687 1.237417090992453 -1017479.99726493 -1.0172574973993468e+06 -1016137.7042432047 -1013882.4547469532
150 3000 123.66202707125039 1.237417090992453 -1017778.8261414703 -1.0177788261414703e+06 -1015545.6187563948 -1010793.4058191051
151 3020 124.59343263997202 1.2383471808097983 -1017778.8261414703 -1.0174985346272923e+06 -1015787.2160154826 -1010945.5795876875
152 3040 125.55045604087074 1.2383471808097983 -1018089.4796986275 -1.0180894796986275e+06 -1016815.3427432398 -1014601.0339624231
153 3060 126.62485776512764 1.2397113283368995 -1018089.4796986275 -1.0179244069575217e+06 -1015729.653877673 -1009400.016227573
154 3080 127.66963275076367 1.2397113283368995 -1018089.4796986275 -1.0173976309454811e+06 -1016166.4725386568 -1012819.0588185869
155 3100 128.6539292561026 1.2407892409909589 -1018089.4796986275 -1.0177519143826819e+06 -1016575.5761046894 -1011261.1607785473
156 3120 129.65739866913012 1.2407892409909589 -1018089.4796986275 -1.0180363367339745e+06 -1016309.3877071507 -1011920.5670814125
157 3140 130.62257823253432 1.2419739113334105 -1018089.4796986275 -1.0177926229827638e+06 -1016442.8973777249 -1013778.81721696
158 3160 131.6072786605556 1.2419739113334105 -1018089.4796986275 -1.0179950412769363e+06 -1016696.1608231867 -1009549.9104739332
159 3180 132.56556671629372 1.2429791885014458 -1018351.0825310132 -1.0183510825310132e+06 -1016122.1860113724 -1008092.7482622718
160 3200 133.51296236511263 1.2429791885014458 -1019067.0774645405 -1.0190670774645405e+06 -1017321.5068624506 -1014078.4460713419
161 3220 134.52721340484894 1.2449831440655608 -1019067.0774645405 -1.0188163929902222e+06 -1016885.9963859661 -1013743.8553015625
162 3240 135.6707874335336 1.2449831440655608 -1019142.8167201284 -1.0191428167201284e+06 -1017700.2291188644 -1013353.1065292228
163 3260 136.61720654584727 1.2463789783194281 -1019142.8167201284 -1.0190386724762607e+06 -1016928.0368975454 -1012103.5463251706
164 3280 137.45437774746773 1.2463789783194281 -1019142.8167201284 -1.0189768664168542e+06 -1017608.1267435516 -1012825.4969562782
165 3300 138.298689485173 1.2481337344873802 -1019142.8167201284 -1.0190444363197432e+06 -1017307.431456369 -1010043.0799901938
166 3320 139.10263151577817 1.2481337344873802 -1019142.8167201284 -1.0189603044042569e+06 -1017881.8157377219 -1012598.8402444861
167 3340 139.80645558908864 1.250015572374737 -1019348.6745822144 -1.0193486745822144e+06 -1017316.803015746 -1015235.5681870261
168 3360 140.44868790770485 1.250015572374737 -1019561.372281923 -1.0195613722819230e+06 -1018079.6605829501 -1013749.8623505642
169 3380 140.98502042559565 1.252252083589774 -1019680.8488835322 -1.0196808488835322e+06 -1017134.5795918962 -1010423.8377087789
170 3400 141.6957042254311 1.252252083589774 -1019826.3333015364 -1.0198263333015364e+06 -1018500.6965114978 -1012660.1786989287
171 3420 142.4041903507477 1.2545450702055114 -1019826.3333015364 -1.0193541350131832e+06 -1017842.73504604 -1014295.8994206386
172 3440 143.2246233112778 1.2545450702055114 -1019826.3333015364 -1.0196861866629034e+06 -1018237.8724705966 -1009489.7408915265
173 3460 144.13333880830103 1.2572083146204478 -1020103.2477224956 -1.0201032477224956e+06 -1017820.5989314991 -1011421.4823153433
174 3480 145.05288927696634 1.2572083146204478 -1020103.2477224956 -1.0198768410695688e+06 -1017986.8007616132 -1014221.3016698647
175 3500 145.9229017270007 1.2597830748233614 -1020103.2477224956 -1.0197247955647684e+06 -1018640.2227283745 -1013911.0867509033
176 3520 146.6390978691832 1.2597830748233614 -1020241.5466446594 -1.0202415466446594e+06 -1018214.0521012405 -1010589.6404949366
177 3540 147.40764075933885 1.2620342462060419 -1020241.5466446594 -1.0201677060163366e+06 -1018367.60241349 -1015122.9659453195
178 3560 148.08646321629345 1.2620342462060419 -1020583.5430514432 -1.0205835430514432e+06 -1018548.9370873977 -1014072.1953145189
179 3580 148.69821430136437 1.2650199089940777 -1020583.5430514432 -1.0202285269611028e+06 -1018612.2656140348 -1011347.3404510583
180 3600 149.28408783028283 1.2650199089940777 -1020583.5430514432 -1.0204600345525437e+06 -1018757.9647407413 -1013201.7444339241
181 3620 149.79710626837775 1.267410665348623 -1020583.5430514432 -1.0203343945360427e+06 -1018928.9856281189 -1010649.1765461145
182 3640 150.49068675730115 1.267410665348623 -1020583.5430514432 -1.0204712327883873e+06 -1018713.0128321578 -1013917.5682903555
183 3660 151.09193174081386 1.269991516847081 -1020923.2775363515 -1.0209232775363515e+06 -1019368.0068385124 -1017303.4688162077
184 3680 151.7544870506926 1.269991516847081 -1020923.2775363515 -1.0205059848768039e+06 -1018904.6151184302 -1013482.7993919685
185 3700 152.29602289863476 1.2729122083752058 -1020923.2775363515 -1.0207605173691199e+06 -1018851.4759908883 -1014862.6804793566
186 3720 152.90440075306373 1.2729122083752058 -1021153.5683419111 -1.0211535683419111e+06 -1019307.4910003957 -1016392.2871161163
187 3740 153.66997102866307 1.275848469209094 -1021245.5447089929 -1.0212455447089929e+06 -1018842.6310569881 -1016460.0924995807
188 3760 154.31037887648628 1.275848469209094 -1021398.314216397 -1.0213983142163970e+06 -1019119.2145661227 -1011045.6577122036
189 3780 154.8665922667417 1.2789582709388572 -1021398.314216397 -1.0212477322082408e+06 -1019222.2493630343 -1011055.329196131
190 3800 155.45176770590587 1.2789582709388572 -1021797.8600393275 -1.0217978600393275e+06 -1019089.7187804217 -1009796.6767546938
191 3820 156.07384914023064 1.28312623342621 -1021797.8600393275 -1.0216383904151481e+06 -1019738.041159326 -1013906.9260245529
192 3840 156.8336892987399 1.28312623342621 -1021797.8600393275 -1.0217056570036146e+06 -1019918.3100238533 -1017174.9334165067
193 3860 157.72412134790252 1.2864859451181136 -1021797.8600393275 -1.0215282983843867e+06 -1019731.7027063647 -1014370.90960629
194 3880 158.66305262503366 1.2864859451181136 -1022201.8078033925 -1.0222018078033925e+06 -1019697.5185576042 -1011621.4611969299
195 3900 159.57234916595058 1.2906307423277446 -1022201.8078033925 -1.0214284216837571e+06 -1019768.5660139723 -1014627.8181934856
196 3920 160.549035165046 1.2906307423277446 -1022252.56099807 -1.0222525609980701e+06 -1020286.4191745388 -1013081.4644372939
197 3940 161.37752206109502 1.2949512437014095 -1022309.9959745243 -1.0223099959745243e+06 -1020605.1353074113 -1017259.4180612972
198 3960 162.22966362426124 1.2949512437014095 -1022312.7679825441 -1.0223127679825441e+06 -1020577.6406046522 -1017913.3926090435
199 3980 163.15782879316365 1.2992533176691106 -1022338.6828117174 -1.0223386828117174e+06 -1020217.8414927763 -1017769.0452293032
200 4000 164.1182068024478 1.2992533176691106 -1022338.6828117174 -1.0223290767516022e+06 -1020547.3726716217 -1012903.7777693442
201 4020 164.97137579869386 1.3036887141495437 -1022510.9828290131 -1.0225109828290131e+06 -1020647.4887950022 -1017013.5909709259
202 4040 165.75738226981844 1.3036887141495437 -1022510.9828290131 -1.0223084916441308e+06 -1019857.7466052198 -1016180.9604963288
203 4060 166.70067728877726 1.3082955751906884 -1022510.9828290131 -1.0220938577739231e+06 -1020678.2234888872 -1014419.9031189069
204 4080 167.59479339830804 1.3082955751906884 -1022510.9828290131 -1.0221503349537223e+06 -1019835.5897368988 -1016476.9852145974
205 4100 168.50075325304383 1.3127855310134884 -1022617.8292749794 -1.0226178292749794e+06 -1020883.3017349887 -1016848.5289978898
206 4120 169.28078115680646 1.3127855310134884 -1022617.8292749794 -1.0225552118451821e+06 -1019955.7383296504 -1016520.0323839304
207 4140 170.09860660463605 1.3172617420388237 -1022617.8292749794 -1.0224955747519117e+06 -1020750.9883783581 -1014042.7989655915
208 4160 170.90962930431542 1.3172617420388237 -1022732.5237515655 -1.0227325237515655e+06 -1020904.0599624624 -1017650.3870542323
209 4180 171.73207026119778 1.3217443004036613 -1022789.0147443042 -1.0227890147443042e+06 -1021483.6999260064 -1015664.6479686891
210 4200 172.4388451171434 1.3217443004036613 -1023191.1809381298 -1.0231911809381298e+06 -1021074.6547517059 -1014253.7864692943
211 4220 173.2637991663011 1.3271479623346885 -1023367.982019093 -1.0233679820190930e+06 -1021542.8188045884 -1014630.6665986807
212 4240 174.09308634967027 1.3271479623346885 -1023396.497481366 -1.0233964974813660e+06 -1021513.2197097244 -1016989.8294224238
213 4260 175.0207875629488 1.332660159377746 -1024168.6527050522 -1.0241686527050522e+06 -1020947.4058227406 -1014963.9543673695
214 4280 176.05805555723012 1.332660159377746 -1024191.5826872359 -1.0241915826872359e+06 -1020841.2370409553 -1011565.4959340001
215 4300 177.04024449388234 1.3392026680842994 -1024191.5826872359 -1.0237159856370162e+06 -1021428.8128993568 -1015460.5245391964
216 4320 178.09296512894295 1.3392026680842994 -1024191.5826872359 -1.0239017142847239e+06 -1022512.0228860981 -1017433.7889234928
217 4340 179.08524170337316 1.3450353624653564 -1024191.5826872359 -1.0239813934690962e+06 -1020922.3220832777 -1013309.4558371425
218 4360 180.0926737980322 1.3450353624653564 -1024191.5826872359 -1.0238142283629039e+06 -1021433.4511975623 -1017339.4537753558
219 4380 181.09886259141734 1.3505779073777637 -1024544.0987128569 -1.0245440987128569e+06 -1019756.2622403025 -1016728.5554094646
220 4400 182.27941165734447 1.3505779073777637 -1024544.0987128569 -1.0241135595943336e+06 -1021468.7364473073 -1016457.0021010318
221 4420 183.4374300987328 1.3570423615949125 -1024544.0987128569 -1.0243775920583011e+06 -1021834.8707420886 -1018586.1665408723
222 4440 184.64705006793372 1.3570423615949125 -1024555.4007677297 -1.0245554007677297e+06 -1022769.4707930832 -1013653.1205339637
223 4460 185.70988386067512 1.3632062796964997 -1024905.899354957 -1.0249058993549570e+06 -1022262.2340656541 -1016798.831756681
224 4480 186.6575611017021 1.3632062796964997 -1024905.899354957 -1.0244173984127875e+06 -1023070.4858356982 -1018549.1512665856
225 4500 187.56074031716724 1.3685253952511807 -1025037.166635124 -1.0250371666351240e+06 -1022608.383877808 -1017865.4425100614
226 4520 188.46250417305595 1.3685253952511807 -1025139.9960376765 -1.0251399960376765e+06 -1023841.2885365869 -1017599.9803785218
227 4540 189.3639441742401 1.3746610209398638 -1025349.4728386654 -1.0253494728386654e+06 -1022430.9266234827 -1012169.3842678823
228 4560 190.36172321281694 1.3746610209398638 -1025349.4728386654 -1.0251003448874846e+06 -1023019.774125023 -1018705.8406961277
229 4580 191.34800708283726 1.3809943051975235 -1025349.4728386654 -1.0251228222653512e+06 -1023937.4462488089 -1020965.6091413172
230 4600 192.11290532747662 1.3809943051975235 -1025349.4728386654 -1.0253063109048032e+06 -1023581.9963835002 -1012118.3036307306
231 4620 192.87911225203567 1.387644070603448 -1025349.4728386654 -1.0249201329021619e+06 -1023283.5462861984 -1016141.1385383476
232 4640 193.68090829502682 1.387644070603448 -1025467.7190237805 -1.0254677190237805e+06 -1023035.0477338174 -1011302.1650698923
233 4660 194.63695749775547 1.3946727449773557 -1025738.9509844473 -1.0257389509844473e+06 -1024133.8568409387 -1019665.9213836571
234 4680 195.57780963452655 1.3946727449773557 -1025826.5298794042 -1.0258265298794042e+06 -1024112.7782127471 -1015453.9362770512
235 4700 196.7615057418492 1.4017882283270382 -1026372.4661557501 -1.0263724661557501e+06 -1024868.6208942463 -1016467.4515784229
236 4720 197.88283267507327 1.4017882283270382 -1026372.4661557501 -1.0262200476828860e+06 -1024540.2190136418 -1019883.9058373098
237 4740 198.8101124821609 1.4089147075482098 -1026372.4661557501 -1.0261674676678642e+06 -1024517.1094015684 -1017920.6646216477
238 4760 199.65773864814076 1.4089147075482098 -1026487.4242692988 -1.0264874242692988e+06 -1023488.9701868261 -1014888.7408702354
239 4780 200.45135763698082 1.4162546264496392 -1026836.4856099486 -1.0268364856099486e+06 -1024936.3135858828 -1017722.8880191123
240 4800 201.2268578328056 1.4162546264496392 -1027333.91202931 -1.0273339120293100e+06 -1024074.5036817199 -1021175.1732763494
241 4820 201.7220098854109 1.424118198215801 -1027333.91202931 -1.0268741993257648e+06 -1023104.9301040287 -1015363.0369280647
242 4840 202.1690467825426 1.424118198215801 -1027333.91202931 -1.0267448948715902e+06 -1023964.3325559818 -1021129.7148988205
243 4860 202.60185965092032 1.4312927611088406 -1027333.91202931 -1.0270894185727927e+06 -1024217.4110970978 -1016818.5933565211
244 4880 203.27945578186237 1.4312927611088406 -1027333.91202931 -1.0272556283155843e+06 -1026268.4299297796 -1023092.5375782403
245 4900 203.93746049233008 1.4382879009660463 -1027333.91202931 -1.0273128915599146e+06 -1025933.0999463396 -1021867.5194778981
246 4920 204.3737433789249 1.4382879009660463 -1027333.91202931 -1.0267305222653893e+06 -1024566.4085346285 -1018220.6970754182
247 4940 204.74289569909064 1.4453224039497046 -1027333.91202931 -1.0271039470557582e+06 -1023741.5533531773 -1015091.8486146482
248 4960 204.9099055650732 1.4453224039497046 -1027333.91202931 -1.0270964264473892e+06 -1024820.2880464164 -1016216.8932343593
249 4980 204.96896604774017 1.451884018420373 -1027333.91202931 -1.0271446000963729e+06 -1022599.5474593303 -1018712.4019183756
250 5000 205.09582176347485 1.451884018420373 -1027333.91202931 -1.0270193700116384e+06 -1024929.9886899153 -1017277.8375306005
251 5020 205.4539486356098 1.458218490606233 -1027333.91202931 -1.0272809293224791e+06 -1025419.7807528011 -1015878.9088750335
252 5040 205.97027619321292 1.458218490606233 -1027397.5058325017 -1.0273975058325017e+06 -1025684.7761406212 -1017383.3448918951
253 5060 206.394365914672 1.46416270372483 -1027397.5058325017 -1.0273193880722439e+06 -1026313.5914106609 -1019763.0256982755
254 5080 206.72467541298425 1.46416270372483 -1027397.5058325017 -1.0272169653021591e+06 -1024832.3927371617 -1020378.4720468188
255 5100 207.11937151059888 1.4696247624005745 -1027484.3957526078 -1.0274843957526078e+06 -1025491.3478226061 -1020986.6290070263
256 5120 207.50372115897412 1.4696247624005745 -1027484.3957526078 -1.0273971727434872e+06 -1025175.7004605313 -1021046.1473916685
257 5140 207.8271888310538 1.474360742890892 -1027484.3957526078 -1.0273309458361133e+06 -1026192.5092960191 -1017977.590345652
258 5160 207.78157765302956 1.474360742890892 -1027484.3957526078 -1.0273197338783767e+06 -1025974.966882582 -1016731.4235783112
259 5180 208.05989781160167 1.479430582250725 -1027802.8944910208 -1.0278028944910208e+06 -1025703.6238057222 -1022555.050145299
260 5200 208.4915295670768 1.479430582250725 -1027802.8944910208 -1.0276761227874793e+06 -1025472.0508759998 -1016902.4381943487
261 5220 208.65240112808783 1.4845550592746095 -1027802.8944910208 -1.0276415471114165e+06 -1025500.6869867294 -1020965.8036492276
262 5240 209.00754173058502 1.4845550592746095 -1027894.6412101781 -1.0278946412101781e+06 -1024587.3573058536 -1016462.5107592503
263 5260 209.39321336660896 1.4893984652021262 -1027894.6412101781 -1.0274596303201013e+06 -1025367.6232802662 -1021684.8946360836
264 5280 209.69177000886071 1.4893984652021262 -1027894.6412101781 -1.0278317000258582e+06 -1026412.3240731112 -1019494.2997736755
265 5300 209.91147731514832 1.493607500062841 -1027894.6412101781 -1.0276284031379790e+06 -1026074.6182005988 -1019137.5658626719
266 5320 210.1456941138253 1.493607500062841 -1027894.6412101781 -1.0275791212966591e+06 -1024268.3943583415 -1017914.4329272269
267 5340 210.27225354166706 1.4979660417548326 -1027894.6412101781 -1.0277366683018305e+06 -1026156.2048232803 -1017811.1979054045
268 5360 210.60180827550226 1.4979660417548326 -1027894.6412101781 -1.0278381171642414e+06 -1025576.9955795447 -1020631.9576854194
269 5380 211.08030717895406 1.5019998646385955 -1027894.6412101781 -1.0275376690747250e+06 -1025652.5345211125 -1019748.5875852205
270 5400 211.56709965893083 1.5019998646385955 -1027894.6412101781 -1.0275223435453738e+06 -1026079.638581069 -1020198.0709269571
271 5420 212.01315987679897 1.506101191308812 -1027894.6412101781 -1.0275747517780721e+06 -1026004.1888538018 -1020777.7725765936
272 5440 212.37209299228525 1.506101191308812 -1027894.6412101781 -1.0276156528222407e+06 -1026345.785998486 -1021213.1459211769
273 5460 212.85279836864956 1.5099176366806095 -1027894.6412101781 -1.0273834301498275e+06 -1024580.7942390204 -1017454.7343602551
274 5480 213.23696667475028 1.5099176366806095 -1027894.6412101781 -1.0276431862323568e+06 -1026519.4525907098 -1021962.1576170736
275 5500 213.70351302082273 1.5135444375421383 -1027894.6412101781 -1.0278251087033281e+06 -1026571.8621703302 -1019242.4322466401
276 5520 214.30977638543786 1.5135444375421383 -1027894.6412101781 -1.0277324604465589e+06 -1025040.2905648409 -1020833.8297751761
277 5540 214.7782804329341 1.5170898277359777 -1027894.6412101781 -1.0273997588226004e+06 -1025001.0821663814 -1014301.9834651649
278 5560 215.19045290806105 1.5170898277359777 -1027894.6412101781 -1.0275298560388654e+06 -1025831.3262146432 -1021968.331070391
279 5580 215.58460776470062 1.5209042344452968 -1027894.6412101781 -1.0276360394751178e+06 -1025658.7902184804 -1019751.7097303333
280 5600 215.95816154503956 1.5209042344452968 -1027894.6412101781 -1.0278512408080689e+06 -1025610.8053083215 -1018127.8767484331
281 5620 216.02055717673244 1.5241026191370346 -1027894.6412101781 -1.0274638397334556e+06 -1025637.8357562727 -1020477.6245958069
282 5640 215.98948516451168 1.5241026191370346 -1027894.6412101781 -1.0275795901521097e+06 -1026463.8785846708 -1017019.1928397252
283 5660 215.93406689545063 1.527138178150031 -1027894.6412101781 -1.0275178474267698e+06 -1025903.8686401764 -1019507.9541861443
284 5680 215.85035305860137 1.527138178150031 -1027894.6412101781 -1.0277885539075036e+06 -1025037.9176246377 -1016427.4595017794
285 5700 215.6488984028155 1.5302516372667996 -1028157.6421672376 -1.0281576421672376e+06 -1025102.5557085956 -1018479.8511164901
286 5720 215.73351658863118 1.5302516372667996 -1028157.6421672376 -1.0279529072204230e+06 -1025888.88602025 -1017830.9701019311
287 5740 215.9456157993465 1.533555372996611 -1028157.6421672376 -1.0277664366431619e+06 -1026570.8199044949 -1017316.0742115065
288 5760 215.90246695311674 1.533555372996611 -1028157.6421672376 -1.0279958404801107e+06 -1027527.6418166838 -1018763.6850961818
289 5780 216.1444947416013 1.5363564296425463 -1028157.6421672376 -1.0281414763627864e+06 -1025945.2386763236 -1022817.9623032669
290 5800 216.44946104918273 1.5363564296425463 -1028157.6421672376 -1.0281093123220830e+06 -1026779.2418184255 -1022174.4686229262
291 5820 216.67044465216483 1.5387830478957765 -1028287.2460189685 -1.0282872460189685e+06 -1025503.79703247 -1020229.0354665981
292 5840 216.92770248277614 1.5387830478957765 -1028287.2460189685 -1.0282516589541794e+06 -1026050.1226633431 -1016740.607540529
293 5860 217.04919375630075 1.5419251384443509 -1028287.2460189685 -1.0280137249952946e+06 -1024530.3910014376 -1019851.9328572673
294 5880 216.99745753601732 1.5419251384443509 -1028287.2460189685 -1.0279108361925411e+06 -1025726.0061694437 -1019784.95517221
295 5900 216.62761926636477 1.5448712914569818 -1028287.2460189685 -1.0279105272506397e+06 -1026021.110378362 -1019448.9309693885
296 5920 216.1971467292203 1.5448712914569818 -1028287.2460189685 -1.0280265279324914e+06 -1026806.939181992 -1017394.9251358025
297 5940 215.83187975960396 1.5470166309441618 -1028287.2460189685 -1.0282746061091367e+06 -1024917.8801434585 -1018183.2294599637
298 5960 215.62680794855973 1.5470166309441618 -1028287.2460189685 -1.0281746139211280e+06 -1026519.2393319658 -1018957.4700234152
299 5980 215.57917384822449 1.5497829404442849 -1028341.6052628354 -1.0283416052628354e+06 -1025692.8195864516 -1015959.4605269545
300 6000 215.6012579544854 1.5497829404442849 -1028424.8875815454 -1.0284248875815454e+06 -1026124.5181600433 -1017636.1701173545
301 6020 215.61268955861203 1.5520990096420264 -1028448.0054114854 -1.0284480054114854e+06 -1026324.6409994357 -1022430.3521283846
302 6040 215.60427103338031 1.5520990096420264 -1028448.0054114854 -1.0275776812222109e+06 -1024018.7728626889 -1015527.089731517
303 6060 215.79089595701868 1.5545816904421572 -1028448.0054114854 -1.0283973772061385e+06 -1026429.855200157 -1021631.8953092522
304 6080 216.24824838914947 1.5545816904421572 -1028701.5738954023 -1.0287015738954023e+06 -1026548.2933543159 -1020959.741381138
305 6100 216.82637289463534 1.5564245250209148 -1028701.5738954023 -1.0283460777781467e+06 -1025903.0093542999 -1020327.6803539454
306 6120 217.26357482910655 1.5564245250209148 -1028701.5738954023 -1.0284875334334312e+06 -1026136.3988020679 -1015977.8398789412
307 6140 217.84878846493552 1.559281163512515 -1028701.5738954023 -1.0285586537858199e+06 -1025567.6782931669 -1017007.4378913901
308 6160 218.46434939915207 1.559281163512515 -1028701.5738954023 -1.0286192928179624e+06 -1025996.5294931391 -1016953.8862715677
309 6180 218.89578435720978 1.561387135801706 -1028701.5738954023 -1.0284388968440235e+06 -1026793.3923016356 -1018065.0399876202
310 6200 219.25972055101255 1.561387135801706 -1028701.5738954023 -1.0283540071531467e+06 -1027462.7816802997 -1019648.5053049648
311 6220 219.77912902657286 1.5632775421790674 -1028912.162211837 -1.0289121622118370e+06 -1026740.7504276648 -1020441.4277280227
312 6240 220.51097005851577 1.5632775421790674 -1029098.8672967248 -1.0290988672967248e+06 -1026879.3239076878 -1020329.4855312405
313 6260 221.13341029598593 1.5653241555124404 -1029098.8672967248 -1.0286852826088717e+06 -1027238.3109869494 -1017961.8261180694
314 6280 221.4819959282542 1.5653241555124404 -1029127.7768079087 -1.0291277768079087e+06 -1027264.6302971072 -1020444.9492787432
315 6300 221.71452268968264 1.5680868882230612 -1029127.7768079087 -1.0290576793818698e+06 -1027171.5073601685 -1019447.7101325846
316 6320 222.15777739003076 1.5680868882230612 -1029127.7768079087 -1.0290340991764071e+06 -1026558.5273145036 -1022051.4461168228
317 6340 222.45420276487664 1.5710098406824682 -1029221.875552057 -1.0292218755520571e+06 -1027676.065866679 -1020598.7604270272
318 6360 222.8915989048239 1.5710098406824682 -1029312.7569068575 -1.0293127569068575e+06 -1025363.4075953852 -1017322.0354407824
319 6380 223.16188092907296 1.5742226786060225 -1029463.5532604768 -1.0294635532604768e+06 -1026958.2690110878 -1018224.1594292216
320 6400 223.4037217091538 1.5742226786060225 -1029463.5532604768 -1.0291776053281433e+06 -1025840.8803400702 -1016274.6745036859
321 6420 223.4268975956665 1.5768962268233588 -1029463.5532604768 -1.0293157010302295e+06 -1026653.7382129733 -1020691.664502447
322 6440 223.38153332242084 1.5768962268233588 -1029467.1994978454 -1.0294671994978454e+06 -1027784.2659857251 -1020566.1201048002
323 6460 223.3997545852103 1.579984422170557 -1029467.1994978454 -1.0292415578730665e+06 -1026222.3420138404 -1019356.6615644589
324 6480 223.26391489662285 1.579984422170557 -1029467.1994978454 -1.0293511728724907e+06 -1027581.5310921227 -1022652.1318884883
325 6500 223.3377993271271 1.582793763354135 -1029501.2937502866 -1.0295012937502866e+06 -1027234.2937419164 -1022774.6434597825
326 6520 223.55799433310423 1.582793763354135 -1029582.3789168065 -1.0295823789168065e+06 -1027466.7668695123 -1021010.1402250943
327 6540 224.10329320958093 1.5860031138022932 -1029582.3789168065 -1.0293704295241762e+06 -1026352.7217730936 -1018515.2026496042
328 6560 224.9463430861572 1.5860031138022932 -1029582.3789168065 -1.0295410331821740e+06 -1027572.3347917635 -1021826.2752018014
329 6580 225.74189605174308 1.58952627906866 -1029684.2166870041 -1.0296842166870041e+06 -1028820.5067538554 -1017005.4358427908
330 6600 226.42948941658682 1.58952627906866 -1029684.2166870041 -1.0295138361688221e+06 -1027313.7910799801 -1024018.912828379
331 6620 227.23980487978633 1.5930486153383707 -1029684.2166870041 -1.0296190716996558e+06 -1027148.9672363525 -1021805.399659846
332 6640 228.1345698876121 1.5930486153383707 -1029684.2166870041 -1.0295290690034667e+06 -1027960.5123357543 -1018803.8897541836
333 6660 228.81286573558876 1.5969840643751472 -1029684.2166870041 -1.0296420730503688e+06 -1027097.3280838085 -1018740.8047179977
334 6680 229.2857828168282 1.5969840643751472 -1029977.8360622508 -1.0299778360622508e+06 -1026765.1519203758 -1024057.6748077316
335 6700 230.18496579449493 1.6007917773762539 -1029977.8360622508 -1.0295425037127282e+06 -1028088.3856280409 -1021886.3414162108
336 6720 230.9463651437076 1.6007917773762539 -1029977.8360622508 -1.0298330969615923e+06 -1028564.7543922222 -1017571.3226194767
337 6740 231.61594661888836 1.6045078159564796 -1029987.5228087921 -1.0299875228087921e+06 -1028678.6211851533 -1023519.5134826124
338 6760 232.39246119524157 1.6045078159564796 -1030091.9209996343 -1.0300919209996343e+06 -1027843.5620055867 -1017350.2366301243
339 6780 233.29643580971495 1.6083564728269593 -1030234.2541344219 -1.0302342541344219e+06 -1027705.1119456314 -1015031.4667060245
340 6800 234.1066422627893 1.6083564728269593 -1030234.2541344219 -1.0301053896921738e+06 -1027807.061284798 -1018979.9953690084
341 6820 234.92515414124463 1.6124347361132627 -1030234.2541344219 -1.0297595557533556e+06 -1027882.845329304 -1021264.816524034
342 6840 235.70744317687164 1.6124347361132627 -1030234.2541344219 -1.0302255556679389e+06 -1028198.9299391368 -1022346.7028703918
343 6860 236.39116098815026 1.6157428821184092 -1030404.5039994427 -1.0304045039994427e+06 -1029144.7397556945 -1022618.5239804927
344 6880 237.23197267926352 1.6157428821184092 -1030731.5661445775 -1.0307315661445775e+06 -1027767.1880328335 -1023669.6613232491
345 6900 237.82454040424972 1.6194564037674979 -1030731.5661445775 -1.0305334296026425e+06 -1028548.818079792 -1023486.3220304798
346 6920 238.28568217603876 1.6194564037674979 -1030731.5661445775 -1.0303252151270658e+06 -1028605.8242742466 -1020185.9472528268
347 6940 238.9436516690244 1.622278549960505 -1030731.5661445775 -1.0303201160429370e+06 -1027688.7609163757 -1017616.5089173958
348 6960 239.58643442483157 1.622278549960505 -1030731.5661445775 -1.0302568579260977e+06 -1027478.210661772 -1018834.7843309902
349 6980 240.03263215725136 1.625846870486735 -1030731.5661445775 -1.0303417798772287e+06 -1027847.2647305252 -1023695.4825632451
350 7000 240.87435711807035 1.625846870486735 -1030731.5661445775 -1.0305316177590534e+06 -1029513.3005277903 -1024556.4832346635
351 7020 241.67802858779706 1.6291300913212727 -1030731.5661445775 -1.0304885233512294e+06 -1028514.8341432561 -1023461.2212916655
352 7040 242.37131346286458 1.6291300913212727 -1030731.5661445775 -1.0305548025614080e+06 -1029679.7682911467 -1024318.4294683305
353 7060 242.93565318745672 1.6327889858305396 -1030846.6210833347 -1.0308466210833347e+06 -1029128.7239245741 -1021366.8909343279
354 7080 243.8209716505218 1.6327889858305396 -1030887.0697466047 -1.0308870697466047e+06 -1029882.2697192319 -1025501.713803017
355 7100 244.43424802882012 1.6358157490765535 -1030887.0697466047 -1.0308210765034959e+06 -1028382.5706475223 -1021896.9344566095
356 7120 244.86457763265014 1.6358157490765535 -1030887.0697466047 -1.0308001978524821e+06 -1027712.7021040632 -1018050.1442586611
357 7140 245.37001203896025 1.6394402313151883 -1031052.5864046374 -1.0310525864046374e+06 -1028869.4503590476 -1019582.4037537322
358 7160 245.70704435194315 1.6394402313151883 -1031052.5864046374 -1.0307670371435583e+06 -1027561.7767354822 -1022278.2249029471
359 7180 246.18731967616282 1.6434231937594432 -1031289.922446772 -1.0312899224467720e+06 -1029326.1203600389 -1021381.3936317214
360 7200 246.75050368547554 1.6434231937594432 -1031289.922446772 -1.0312017084949373e+06 -1029924.0645687887 -1022936.2579064704
361 7220 246.93735225261912 1.6465932794600562 -1031437.8024975108 -1.0314378024975108e+06 -1029765.6440873018 -1017575.3595556105
362 7240 247.29691486737516 1.6465932794600562 -1031478.1724000128 -1.0314781724000128e+06 -1029841.3040354969 -1023298.5682418561
363 7260 247.56230245408526 1.6507394826320647 -1031478.2681833687 -1.0314782681833687e+06 -1029839.966409272 -1019769.2819069729
364 7280 247.85672383848762 1.6507394826320647 -1031510.4031767605 -1.0315104031767605e+06 -1028300.2395395875 -1021221.3515026184
365 7300 248.16058562342312 1.6547813265530278 -1031510.4031767605 -1.0314251940922365e+06 -1029875.6173349523 -1021963.1877141142
366 7320 248.3866680756415 1.6547813265530278 -1031510.4031767605 -1.0314786163354607e+06 -1030122.0553945758 -1020482.7746720649
367 7340 248.6892973804964 1.6581188319206681 -1031847.0873712265 -1.0318470873712265e+06 -1028285.0105740268 -1022458.7486883425
368 7360 248.91757731430454 1.6581188319206681 -1031866.9410659812 -1.0318669410659812e+06 -1026794.2210388856 -1022715.1254542043
369 7380 249.26616105076462 1.6620988631648492 -1032087.2503757105 -1.0320872503757105e+06 -1030039.6377257042 -1020738.5213020147
370 7400 249.9080765173474 1.6620988631648492 -1032415.337434452 -1.0324153374344520e+06 -1030836.8109041876 -1021583.2049771725
371 7420 250.54163063657882 1.6660517899148621 -1032415.337434452 -1.0322137843285495e+06 -1031092.4253795523 -1024404.1389232323
372 7440 250.9819542767896 1.6660517899148621 -1032415.337434452 -1.0320596623278665e+06 -1030060.0198207188 -1024773.5654887166
373 7460 251.54690646982309 1.6696375082126114 -1032415.337434452 -1.0314950296220125e+06 -1028626.8870239821 -1024068.0140279331
374 7480 252.2921329884364 1.6696375082126114 -1032415.337434452 -1.0323358409830759e+06 -1031236.603210857 -1019963.6856718765
375 7500 253.05632146294053 1.672946264243152 -1032415.337434452 -1.0322267331195381e+06 -1028739.1399820695 -1023870.2959688497
376 7520 253.57032696198254 1.672946264243152 -1032415.337434452 -1.0323926811048936e+06 -1028674.1846002709 -1022406.6753540896
377 7540 253.9876858204949 1.6772441847159956 -1032425.2992722907 -1.0324252992722907e+06 -1028906.0862901709 -1020395.2852677617
378 7560 254.5774791802756 1.6772441847159956 -1032511.566402858 -1.0325115664028580e+06 -1031004.0799302689 -1023983.6197587973
379 7580 255.0270177031014 1.680793103466998 -1032623.0479963088 -1.0326230479963088e+06 -1031432.9794769185 -1022328.7666801391
380 7600 255.30277526197705 1.680793103466998 -1032623.0479963088 -1.0324795773464714e+06 -1030209.4430789972 -1021848.7793945611
381 7620 255.72185159116273 1.684354388156834 -1032623.0479963088 -1.0325526094413707e+06 -1030820.3954730139 -1023366.7002392688
382 7640 256.39217702652763 1.684354388156834 -1032702.2355754492 -1.0327022355754492e+06 -1030548.3713765175 -1017835.9331991419
383 7660 256.9717218642821 1.6878995127690986 -1032702.2355754492 -1.0325125956771187e+06 -1030336.3742127666 -1023576.05981015
384 7680 257.43031991613856 1.6878995127690986 -1032702.2355754492 -1.0326956566283939e+06 -1031562.2614093041 -1024194.2673670817
385 7700 257.93858468437827 1.691206131416777 -1032702.2355754492 -1.0326217800096500e+06 -1030553.013172933 -1026133.3351537107
386 7720 258.35530169692805 1.691206131416777 -1032835.1816528793 -1.0328351816528793e+06 -1031866.5407152986 -1026416.7173689542
387 7740 258.64329010215954 1.6954175259246778 -1032835.1816528793 -1.0327507621832048e+06 -1030457.9606123406 -1026081.958302069
388 7760 258.70409269330213 1.6954175259246778 -1032877.0544125481 -1.0328770544125481e+06 -1029302.470262037 -1023666.918715525
389 7780 258.8812985793886 1.6990436231717096 -1032877.0544125481 -1.0327890235276467e+06 -1031787.8610316294 -1019727.5707696249
390 7800 259.2141111270141 1.6990436231717096 -1033003.4807438997 -1.0330034807438997e+06 -1031040.374139264 -1022708.7593753454
391 7820 259.68609526496806 1.7029061526583469 -1033138.6965116536 -1.0331386965116536e+06 -1030483.5540185084 -1022219.3002110032
392 7840 260.2858696815629 1.7029061526583469 -1033151.0564212096 -1.0331510564212096e+06 -1030775.2631500275 -1025723.7643961573
393 7860 260.4277051978049 1.706867035294409 -1033151.0564212096 -1.0327755698978002e+06 -1031278.0536213754 -1021482.9236198207
394 7880 260.69013190057245 1.706867035294409 -1033151.0564212096 -1.0330720768948614e+06 -1031573.8234366253 -1026118.1595811354
395 7900 261.05696576109256 1.7107464854328336 -1033151.0564212096 -1.0329823962609340e+06 -1031254.4979011894 -1023999.3552248871
396 7920 261.2715804967911 1.7107464854328336 -1033151.0564212096 -1.0330832589385540e+06 -1031096.2497739245 -1025868.9037613439
397 7940 261.7476427725767 1.7142797048770735 -1033275.8395764052 -1.0332758395764052e+06 -1028900.5973687338 -1023443.0322205736
398 7960 261.9740821610767 1.7142797048770735 -1033304.8249252832 -1.0333048249252832e+06 -1031160.7192412395 -1023243.0403718126
399 7980 262.25963931070817 1.7188225696573296 -1033344.2703936256 -1.0333442703936256e+06 -1030702.3387188343 -1026554.0299937264
400 8000 262.65166078927774 1.7188225696573296 -1033344.2703936256 -1.0332370607596574e+06 -1030390.4009533803 -1020828.781021964
401 8020 263.2799221687772 1.7227556968421116 -1033472.654770216 -1.0334726547702160e+06 -1031819.4643225913 -1026975.7437037857
402 8040 263.91292411272985 1.7227556968421116 -1033472.654770216 -1.0330587486580345e+06 -1031495.0832789673 -1018911.4401174526
403 8060 264.5525119852264 1.72650304907798 -1033472.654770216 -1.0332813795886197e+06 -1030447.0804729674 -1023261.7547543263
404 8080 265.26544915544036 1.72650304907798 -1033472.654770216 -1.0331167608661687e+06 -1031507.884324284 -1023303.8645060635
405 8100 265.92382827626733 1.7300975938040049 -1033472.654770216 -1.0333730347422108e+06 -1029412.3773228012 -1023915.3420264435
406 8120 266.30237622946595 1.7300975938040049 -1033472.654770216 -1.0332270658396421e+06 -1029867.8492880655 -1019916.7313656718
407 8140 266.60534362571195 1.733817144085546 -1033472.654770216 -1.0333354278334521e+06 -1030812.7492214871 -1020564.9068950581
408 8160 266.781037167859 1.733817144085546 -1033729.1421542612 -1.0337291421542612e+06 -1030043.7202028047 -1020616.5884443162
409 8180 266.63975626584806 1.7374914063410687 -1033729.1421542612 -1.0335777405993057e+06 -1031929.9354897101 -1026247.2186315681
410 8200 266.5929970848222 1.7374914063410687 -1033729.1421542612 -1.0334238833494782e+06 -1029658.1305184924 -1024134.5739877725
411 8220 266.9740060582476 1.7412491049110075 -1033729.1421542612 -1.0336626555949240e+06 -1031595.9469964778 -1027196.4194343789
412 8240 267.4314454417606 1.7412491049110075 -1033729.1421542612 -1.0336402644820201e+06 -1032540.466375451 -1026254.4826616695
413 8260 267.7211060328757 1.7449583565211584 -1033752.3462915455 -1.0337523462915455e+06 -1029828.0405189933 -1022641.3799094617
414 8280 267.9596300567357 1.7449583565211584 -1033871.8117350924 -1.0338718117350924e+06 -1031092.7532532072 -1020059.3854137437
415 8300 268.12409977552386 1.749684978507054 -1033871.8117350924 -1.0336260556511366e+06 -1032204.5356599914 -1025136.8152484512
416 8320 268.09311234423024 1.749684978507054 -1033900.0131728423 -1.0339000131728423e+06 -1032523.0591152383 -1026150.0701555689
417 8340 268.0321042932534 1.7535195204116372 -1033939.0242970695 -1.0339390242970695e+06 -1031258.6179225091 -1021575.6200597363
418 8360 267.9064534010832 1.7535195204116372 -1033939.0242970695 -1.0338990158254515e+06 -1032755.2482930173 -1025401.1109641124
419 8380 267.6338049918906 1.7579087923867707 -1033939.0242970695 -1.0335000424162508e+06 -1031257.6916579902 -1025073.2413974167
420 8400 267.34491934377445 1.7579087923867707 -1033939.0242970695 -1.0337483629078793e+06 -1031514.2211258332 -1025222.6286488783
421 8420 266.9363145009141 1.7616241611311738 -1033982.0101363168 -1.0339820101363168e+06 -1031572.789302074 -1025519.3018037953
422 8440 266.5978200731295 1.7616241611311738 -1033982.0101363168 -1.0338688833245772e+06 -1032411.1030381024 -1024990.9591594868
423 8460 266.23524336739047 1.7651309020077879 -1033982.0101363168 -1.0339251180878250e+06 -1032719.331138982 -1024484.5297615684
424 8480 265.99855214996546 1.7651309020077879 -1034008.3449227919 -1.0340083449227919e+06 -1032410.5198146863 -1024680.4066248559
425 8500 266.14803338055344 1.7685166018553746 -1034089.67424851 -1.0340896742485100e+06 -1032389.8778319887 -1026801.911218504
426 8520 266.4773799678928 1.7685166018553746 -1034089.67424851 -1.0338897864165704e+06 -1031053.2721461658 -1023597.6014916335
427 8540 267.2760400976067 1.773041622254821 -1034206.2594018525 -1.0342062594018525e+06 -1031841.6039079635 -1024357.0132593535
428 8560 268.0778812743752 1.773041622254821 -1034206.2594018525 -1.0341280935154328e+06 -1032077.1791554455 -1020204.686007382
429 8580 268.92047074993076 1.7777582807123067 -1034366.7576080223 -1.0343667576080223e+06 -1033344.2367017071 -1021514.8764126874
430 8600 269.6692403979557 1.7777582807123067 -1034366.7576080223 -1.0342364888300967e+06 -1032005.9230059606 -1025443.3504895738
431 8620 270.33620600990025 1.7824781021879375 -1034366.7576080223 -1.0342496024333675e+06 -1030590.6644764123 -1022871.7541519145
432 8640 271.00493541849755 1.7824781021879375 -1034366.7576080223 -1.0340512653447571e+06 -1032182.6214810226 -1026291.0545659947
433 8660 271.5767566176834 1.7872415870805503 -1034366.7576080223 -1.0340696925148012e+06 -1029918.4365625724 -1021938.1108591175
434 8680 272.2446316282979 1.7872415870805503 -1034430.9634917477 -1.0344309634917477e+06 -1032575.5119225206 -1026504.9786871288
435 8700 273.16266879394595 1.7912456497140046 -1034430.9634917477 -1.0338136983620125e+06 -1031662.7037537552 -1026069.025920094
436 8720 273.75647605072044 1.7912456497140046 -1034430.9634917477 -1.0342685219969795e+06 -1030574.7090962627 -1026192.224474183
437 8740 274.2882442947136 1.7950448631928957 -1034473.7260712278 -1.0344737260712278e+06 -1030543.63600206 -1024726.4472800102
438 8760 274.8123754948151 1.7950448631928957 -1034473.7260712278 -1.0343248525730721e+06 -1031714.7889718225 -1021845.3519472195
439 8780 275.2407164788349 1.799437604004506 -1034582.1292287791 -1.0345821292287791e+06 -1031599.345016309 -1025709.5637269928
440 8800 275.5483068323277 1.799437604004506 -1034741.1720323088 -1.0347411720323088e+06 -1032151.153069862 -1021313.338143064
441 8820 276.1797835515652 1.8047863652385039 -1034976.9304901694 -1.0349769304901694e+06 -1032917.8744427055 -1025253.4569953111
442 8840 276.7540212777878 1.8047863652385039 -1034976.9304901694 -1.0346906830097401e+06 -1031038.1067174675 -1020815.8149920776
443 8860 277.3724873212612 1.8094670569410103 -1034976.9304901694 -1.0349248477858056e+06 -1032200.7496946999 -1028459.683019886
444 8880 278.0506996160072 1.8094670569410103 -1035156.3424717754 -1.0351563424717754e+06 -1033688.1998479327 -1022953.2202142131
445 8900 278.99365753186765 1.814027847562203 -1035156.3424717754 -1.0350428548363838e+06 -1033040.940978552 -1024960.0334497452
446 8920 279.9105033576577 1.814027847562203 -1035156.3424717754 -1.0350961192401096e+06 -1033274.3264773255 -1022257.7512473755
447 8940 280.77674281460185 1.8192694572598602 -1035156.3424717754 -1.0350645934949700e+06 -1028931.0694065356 -1022112.7539827729
448 8960 281.49881995614703 1.8192694572598602 -1035220.6284968879 -1.0352206284968879e+06 -1032062.7040273515 -1021707.8732883442
449 8980 282.46840262019373 1.8253093826277758 -1035298.6460480222 -1.0352986460480222e+06 -1033402.4520705724 -1025913.0290888299
450 9000 283.19861982466335 1.8253093826277758 -1035298.6460480222 -1.0349927464133810e+06 -1033407.4727881956 -1025275.1124344087
451 9020 283.7074562645646 1.8303453680149386 -1035543.9930690802 -1.0355439930690802e+06 -1032339.9741014024 -1026505.660434934
452 9040 284.4248192092023 1.8303453680149386 -1035543.9930690802 -1.0352346735450723e+06 -1033073.480709666 -1024962.1399183166
453 9060 284.85247442435843 1.835112002243867 -1035815.1879731237 -1.0358151879731237e+06 -1032686.5616126362 -1024833.23180616
454 9080 285.64319234624236 1.835112002243867 -1035815.1879731237 -1.0357007281009983e+06 -1033317.0905127376 -1023685.0213433553
455 9100 286.4934116735023 1.8400154306244236 -1035815.1879731237 -1.0357619443746031e+06 -1034784.3320487626 -1024226.9954414
456 9120 287.22916139763544 1.8400154306244236 -1035835.1339892382 -1.0358351339892382e+06 -1033834.4168379488 -1026270.7537863873
457 9140 287.78808260874666 1.844834903120327 -1035892.894411398 -1.0358928944113980e+06 -1033031.1567067945 -1023229.5559001005
458 9160 288.03967092082564 1.844834903120327 -1035892.894411398 -1.0355514017527093e+06 -1032550.1298626863 -1026672.2405646638
459 9180 288.41736129197113 1.8496582958226808 -1035892.894411398 -1.0357244475016724e+06 -1032933.4926242504 -1026934.1620914054
460 9200 288.73342834254464 1.8496582958226808 -1035892.894411398 -1.0356273693222643e+06 -1031720.6088029596 -1023014.90244715
461 9220 289.188730030473 1.8550982849805882 -1035892.894411398 -1.0356359633503162e+06 -1032837.1589531242 -1024035.0343012759
462 9240 289.50344307057924 1.8550982849805882 -1035907.6547293458 -1.0359076547293458e+06 -1034411.102106373 -1027400.6214259609
463 9260 289.9010130382213 1.8601371316429647 -1035907.6547293458 -1.0358217747647034e+06 -1034165.9654755833 -1027844.913708609
464 9280 290.30345014270205 1.8601371316429647 -1035907.6547293458 -1.0358850825328059e+06 -1033585.9021464346 -1023614.4001435579
465 9300 290.7338032372674 1.8649767638680108 -1035994.8417711693 -1.0359948417711693e+06 -1034266.3470289866 -1026812.873239647
466 9320 291.0020921295463 1.8649767638680108 -1035994.8417711693 -1.0359575717621450e+06 -1033900.1147367645 -1026146.2612601815
467 9340 291.3335962987641 1.8696905745343797 -1035994.8417711693 -1.0358731752839453e+06 -1033321.0817470066 -1023304.8578508568
468 9360 291.88663001106687 1.8696905745343797 -1035994.8417711693 -1.0357744388624111e+06 -1034292.0860615505 -1027485.1140011252
469 9380 292.3007997822826 1.8745576106225363 -1035994.8417711693 -1.0359615759331518e+06 -1034371.4214848734 -1026329.3437520659
470 9400 292.7771861665711 1.8745576106225363 -1035994.8417711693 -1.0358364315376756e+06 -1034490.1902567539 -1026166.2410013459
471 9420 293.2693697389687 1.8798962332365718 -1036234.2947371125 -1.0362342947371125e+06 -1033930.5885555577 -1023544.9285445954
472 9440 293.72937030866814 1.8798962332365718 -1036234.2947371125 -1.0362201105007601e+06 -1033989.420374899 -1023853.7529343452
473 9460 294.1964635853556 1.8858137789004508 -1036234.2947371125 -1.0361682969700883e+06 -1035145.3027983473 -1026867.4990021943
474 9480 294.64003039304095 1.8858137789004508 -1036468.0117377511 -1.0364680117377511e+06 -1034747.0193808062 -1031375.9980649988
475 9500 295.23072491995504 1.8906468102973724 -1036616.9912700556 -1.0366169912700556e+06 -1033242.584871334 -1023406.5547520521
476 9520 295.69445496859777 1.8906468102973724 -1036616.9912700556 -1.0363663704857765e+06 -1035260.0661376342 -1024509.3190694307
477 9540 295.5774302595661 1.8963664709296952 -1036616.9912700556 -1.0364100465100880e+06 -1034352.8365544555 -1028077.0366274808
478 9560 295.45101587293345 1.8963664709296952 -1036616.9912700556 -1.0363207645268287e+06 -1033953.2561251594 -1024745.5496625768
479 9580 295.6942001847266 1.9008114178232836 -1036616.9912700556 -1.0360589431832611e+06 -1034101.7976435453 -1026270.3732826381
480 9600 296.01641717879187 1.9008114178232836 -1036616.9912700556 -1.0362064230495747e+06 -1032159.0864022229 -1024658.5161921121
481 9620 296.0985165218654 1.9055629994922119 -1036616.9912700556 -1.0363278897229985e+06 -1032117.648546889 -1025612.4675477289
482 9640 296.3571977548808 1.9055629994922119 -1036616.9912700556 -1.0364849375164980e+06 -1034471.4170406859 -1024028.4289554486
483 9660 296.5721199162634 1.9099266522827496 -1036616.9912700556 -1.0363535227480070e+06 -1035332.6338250753 -1025027.3627396298
484 9680 296.8653904780817 1.9099266522827496 -1036639.4376125397 -1.0366394376125397e+06 -1034679.1493029299 -1024403.8822440694
485 9700 297.4366998023077 1.9143644761542955 -1036639.4376125397 -1.0360184320438670e+06 -1034187.7889867014 -1025557.0675347291
486 9720 297.80746005887676 1.9143644761542955 -1036639.4376125397 -1.0361621758243624e+06 -1032904.1174252352 -1026515.4257824516
487 9740 298.06326857058593 1.919032618730072 -1036639.4376125397 -1.0363096830277026e+06 -1034008.3955035027 -1024807.49768318
488 9760 298.3297865725474 1.919032618730072 -1036639.4376125397 -1.0364755170077110e+06 -1034963.7387568809 -1025737.4381606028
489 9780 298.4255750490472 1.92336999061108 -1036913.1870630453 -1.0369131870630453e+06 -1035066.7329709788 -1026682.0923154638
490 9800 298.53824701459575 1.92336999061108 -1036934.3472486172 -1.0369343472486172e+06 -1035675.1440446839 -1024632.2472207021
491 9820 298.6835759746178 1.927812943159307 -1036934.3472486172 -1.0367660701807629e+06 -1034760.9263217514 -1024485.8719963697
492 9840 298.9432065644404 1.927812943159307 -1037264.0328285894 -1.0372640328285894e+06 -1034230.5383192842 -1026142.6477150106
493 9860 298.83970853265134 1.93217245048801 -1037264.0328285894 -1.0370541228864593e+06 -1034908.1437303149 -1029363.1489855396
494 9880 298.82662026764365 1.93217245048801 -1037376.1073275595 -1.0373761073275595e+06 -1035704.6883130406 -1027113.9054657655
495 9900 298.9545890374061 1.9358876641760323 -1037376.1073275595 -1.0368396355965079e+06 -1034599.8626398199 -1028352.9422176381
496 9920 299.3540643399384 1.9358876641760323 -1037491.0340315269 -1.0374910340315269e+06 -1035593.1628184638 -1027197.0820872927
497 9940 299.71064020368357 1.9395242360506861 -1037491.0340315269 -1.0371112561611237e+06 -1034902.8239966445 -1026072.5720654409
498 9960 299.6945595888661 1.9395242360506861 -1037491.0340315269 -1.0368141558223041e+06 -1035186.8031359665 -1026339.5841324609
499 9980 299.36410991346645 1.9435486360941736 -1037491.0340315269 -1.0370392977839754e+06 -1033781.762005758 -1027425.2951396417
500 10000 299.07973095368277 1.9435486360941736 -1037491.0340315269 -1.0371672758837476e+06 -1035631.503550712 -1028257.0734704142
501 10020 298.9550282359215 1.9468981992197738 -1037491.0340315269 -1.0370951724674685e+06 -1035479.2554642493 -1024787.2734631872